Provider Name,Suburb,Postal Code
BaptistCare NSW & ACT,SYMONSTON,2609
MyHomecare Pty Ltd,PAGE,2614
Goodwin Aged Care Services Limited,FARRER,2607
Illawarra Retirement Trust,BELCONNEN,2617
KinCare Health Services Pty Ltd,DEAKIN,2600
Mercy Aged and Community Care Ltd,GUNGAHLIN,2912
Calvary Community Care,BRUCE,2617
Royal Freemasons' Benevolent Institution,HOLT,2615
The Uniting Church in Australia Property Trust (NSW),WESTON,2611
RSL LifeCare Limited,LYNEHAM,2602
Just Better Care Australia Pty Ltd,FYSHWICK,2609
Feros Care,BARTON,2600
Rubies Nursing Pvt Limited,CRACE,2911
Community Services #1 Incorporated,NARRABUNDAH,2604
HammondCare,CANBERRA,2601
Community Options Incorporated,GRIFFITH,2603
Quest Employment Solutions Pty Ltd,BELCONNEN,2617
The Butler Canberra,HIGGINS,2615
Trustees of the Roman Catholic Church for the Archdiocese of Canberra and Goulburn as Trustees for Chancery Office,BRADDON,2612
Absolute Home Care Pty Ltd,LYNEHAM,2602
Northside Community Service Limited,DICKSON,2602
Capital Region Community Service Limited,BELCONNEN,2617
Multicultural Communities Council of Illawarra Limited,PALMERSTON,2913
Life Without Barriers,GRIFFITH,2603
Villaggio Italiano Ltd,PAGE,2614
Pearl Home Care Pty Ltd,FYSHWICK,2609
The Abel Tasman Village Association Ltd,CHESTER HILL,2162
RSL LifeCare Limited,KANDOS,2848
ADSSI Limited,TUGGERAH,2259
The Salvation Army (NSW) Property Trust,PORT MACQUARIE,2444
Coolamon Shire Council,COOLAMON,2701
Anglican Care,BOORAGUL,2284
Anglican Care,WOONGARRAH,2259
Anglican Community Services,BEACONSFIELD,2015
Anglican Community Services,MITTAGONG,2575
Anglican Community Services,BASIN VIEW,2540
Australian Nursing Home Foundation Limited,ULTIMO,2007
Australian Nursing Home Foundation Limited,GREENFIELD PARK,2176
Australian Nursing Home Foundation Limited,CAMPSIE,2194
Anglican Community Services,MOUNT DRUITT,2770
Anglican Community Services,PORT KEMBLA,2505
Anglican Community Services,MORUYA,2537
Anglican Community Services,PENRITH,2750
Anglican Community Services,CARLTON,2218
Anglican Community Services,CASTLE HILL,2154
Australian Chinese Community Association of New South Wales,SURRY HILLS,2010
Australian Chinese Community Association of New South Wales,PARRAMATTA,2150
Australian Home Care Services Pty Ltd,NEWTOWN,2042
Australian Nursing Home Foundation Limited,BURWOOD,2134
Australian Nursing Home Foundation Limited,EASTWOOD,2122
Australian Unity Retirement Living Management Pty Ltd,BATEAU BAY,2561
Australian Unity Retirement Living Management Pty Ltd,CROMER,2099
Australian Unity Retirement Living Management Pty Ltd,NORTHMEAD,2152
Awabakal Ltd,WICKHAM,2293
Bankstown City Aged Care Ltd,GEORGES HALL,2198
Southern Cross Care Services Pty Ltd,PARRAMATTA,2150
Bay & Basin Community Resources Limited (BCR Communities),SANCTUARY POINT,2540
BaptistCare NSW & ACT,MORISSET,2264
BaptistCare NSW & ACT,COWRA,2794
BaptistCare NSW & ACT,MACQUARIE PARK,2113
BaptistCare NSW & ACT,FORSTER,2428
BaptistCare NSW & ACT,DUBBO,2830
BaptistCare NSW & ACT,PENRITH,2750
BaptistCare NSW & ACT,KELLYVILLE,2155
BaptistCare NSW & ACT,BALLINA,2478
BaptistCare NSW & ACT,WAGGA WAGGA,2650
BaptistCare NSW & ACT,NARELLAN,2567
BaptistCare NSW & ACT,GOULBURN,2580
BaptistCare NSW & ACT,PRESTONS,2170
Sapphire Coast Community Aged Care Ltd,BEGA,2550
Finley Regional Care Ltd,FINLEY,2713
RSL LifeCare Limited,MERIMBULA,2548
Biripi Aboriginal Corporation Medical Service,TAREE,2430
The Uniting Church in Australia Property Trust (NSW),KINGSCLIFF,2487
Blue Hills Village Management (Liverpool) Pty Limited,PRESTONS,2170
Anglican Community Services,BLAXLAND,2774
Booroongen Djugun Limited,KEMPSEY,2440
Bundaleer Care Services Ltd,WAUCHOPE,2446
Bungree Aboriginal Association Limited,TUGGERAH,2259
Wesley Community Services Limited,HURSTVILLE,2220
Livebetter Services Limited,ORANGE,2800
Australian Unity Home Care Service Pty Ltd,BATHURST,2795
Calvary Community Care,SANDGATE,2304
Calvary Community Care,TAREE,2430
Calvary Community Care,SURRY HILLS,2010
Canowindra Tweed-Byron Aged and Disabled Aboriginal Corporation,TWEED HEADS SOUTH,2486
Multicultural Care,BURWOOD,2134
Care Connect Ltd,BELLA VISTA,2153
Care Connect Ltd,TWEED HEADS,2485
Carexcell Community Care Pty Ltd,COFFS HARBOUR,2450
Carrington Centennial Care Limited,GRASMERE,2570
Chinese Australian Services Society Limited,CAMPSIE,2194
Catholic Healthcare Limited,MEADOWBANK,2114
Catholic Healthcare Limited,BATHURST,2795
Catholic Healthcare Limited,NEWCASTLE EAST,2300
Catholic Healthcare Limited,WATERLOO,2017
Catholic Healthcare Limited,ST LEONARDS,2065
Catholic Healthcare Limited,THORNLEIGH,2120
Catholic Healthcare Limited,COFFS HARBOUR,2450
Catholic Healthcare Limited,KATOOMBA,2780
Catholic Healthcare Limited,DUBBO,2830
Catholic Healthcare Limited,WAGGA WAGGA,2650
Catholic Family Welfare Services,WOLLONGONG,2500
Trustees of Catholic Aged Care Sydney,LIVERPOOL,2170
Jewish Care,BONDI JUNCTION,2022
Australian Unity Home Care Service Pty Ltd,PARKES,2870
Anglican Community Services,RICHMOND,2753
Anglican Community Services,JANNALI,2226
CO.AS.IT. - Italian Association of Assistance,LEICHHARDT,2040
Coast Community Connections Limited,WOY WOY,2256
NSW Home Support Services,COFFS HARBOUR,2450
Anglican Community Services,MOUNT OUSLEY,2519
Proveda Ltd,FRENSCHS FOREST,2086
Community Gateway Limited,WOLLONGONG,2500
Gilgandra Council,GILGANDRA,2827
Cooinda Coonabarabran Ltd,COONABARABRAN,2357
Cowra Retirement Village Ltd,COWRA,2794
The Trustees of the Roman Catholic Church for the Diocese of Lismore,BALLINA,2478
Cypress View Lodge Limited,COLEAMBALLY,2707
Australian Unity Home Care Service Pty Ltd,GOSFORD,2250
Australian Unity Home Care Service Pty Ltd,DARETON,2717
McLean Care Ltd,INVERELL,2360
Merton Living Limited,DENMAN,2328
Dyirri-Bang-Gu Aboriginal Corporation,GRIFFITH,2680
EACH,PORT MACQUARIE,2444
Elderly Australian Chinese Homes (NSW) Co-operative Limited,CROYDON,2132
Empowered Living Support Services Ltd,TINGIRA HEIGHTS,2290
Australian Unity Home Care Service Pty Ltd,BROKEN HILL,2880
Livebetter Services Limited,BROKEN HILL,2880
Feros Care,PORT MACQUARIE,2444
The Mary Potter Nursing Home and The Ethel Forrest Day Care Centre Pty Ltd,TUMUT,2720
Gilgai Aboriginal Centre,HEBERSHAM,2770
Western NSW Local Health District,GOODOOGA,2831
Intereach Limited,ALBURY,2640
Greek Orthodox Archdiocese of Australia Consolidated Trust - Greek Welfare Centre,NEWTOWN,2042
The Mary Potter Nursing Home and The Ethel Forrest Day Care Centre Pty Ltd,GRIFFITH,2680
Gunnedah Shire Council,GUNNEDAH,2380
Yass Valley Aged Care Limited,YASS,2582
HammondCare,CARDIFF,2285
HammondCare,HORSLEY,2530
HammondCare,NORTH GOSFORD,2250
HammondCare,MIRANDA,2228
HammondCare,LINDFIELD,2070
HammondCare,HAMMONDVILLE,2170
HammondCare,BATHURST,2795
Harbison Memorial Retirement Village,BURRADOO,2576
Anglican Community Services,WINDSOR,2756
The Benevolent Society,HURSTVILLE,2220
The Benevolent Society,WERRINGTON,2747
The Benevolent Society,WARRIEWOOD,2102
Illawarra Aboriginal Corporation,WOLLONGONG,2500
The Council of the Municipality of Kiama,KIAMA,2533
Australian Unity Home Care Service Pty Ltd,EAST NOWRA,2541
The Frank Whiddon Masonic Homes of New South Wales,KELSO,2795
Inasmuch Community Limited,SUSSEX INLET,2540
Australian Unity Retirement Living Management Pty Ltd,BOWRAL,2576
Australian Unity Retirement Living Management Pty Ltd,WOLLONGONG,2500
Illawarra Retirement Trust,MORUYA,2537
Illawarra Retirement Trust,WOONONA,2517
Illawarra Retirement Trust,NOWRA,2541
Illawarra Retirement Trust,PEAKHURST,2210
Illawarra Retirement Trust,CAMPBELLTOWN,2560
United Protestant Association of NSW Limited,PENDLE HILL,2145
KinCare Health Services Pty Ltd,BELLA VISTA,2153
KOPWA Limited,ROSEVILLE,2069
Your Aged Care at Home Ltd,BANKSTOWN,2200
RSL LifeCare Limited,URUNGA,2455
RSL LifeCare Limited,NARRABEEN,2101
RSL LifeCare Limited,PENRITH,2750
RSL LifeCare Limited,BALLINA,2478
Macarthur Diversity Services Initiative Ltd,CAMPBELLTOWN,2560
Catholic Healthcare Limited,HUNTERS HILL,2110
Community Gateway Limited,KEMPSEY,2440
RSL LifeCare Limited,CARLTON,2218
Illawarra Retirement Trust,UNANDERRA,2526
Mercy Aged and Community Care Ltd,YOUNG,2594
McLean Care Ltd,TAMWORTH,2340
Mercy Aged and Community Care Ltd,ALBURY,2640
Community Care Options Ltd,COFFS HARBOUR,2450
Core Community Services Limited,FAIRFIELD,2165
Sydney Multicultural Community Services Incorporated,DACEYVILLE,2032
United Protestant Association of NSW Limited,LAVINGTON,2641
Australian Unity Home Care Service Pty Ltd,GRIFFITH,2680
Lifetime Connect Incorporated,MACKSVILLE,2447
NovaCare Community Services Limited,CARRINGTON,2294
The Uniting Church in Australia Property Trust (NSW),GARDEN SUBURBS,2289
Australian Unity Home Care Service Pty Ltd,COWRA,2794
Australian Unity Home Care Service Pty Ltd,CONDOBOLIN,2877
Proveda Ltd,FRENCHS FOREST,2086
Glen Innes Severn Council,GLEN INNES,2370
Northern Settlement Services Limited,HAMILTON,2303
The Uniting Church in Australia Property Trust (NSW),CHATSWOOD,2067
Australian Unity Home Care Service Pty Ltd,MUDGEE,2850
The Uniting Church in Australia Property Trust (NSW),NOWRA,2541
Our Lady of Consolation Aged Care & Services Limited,ROOTY HILL,2766
The Presbyterian Church (New South Wales) Property Trust,ROSEVILLE,2069
PAWA Community Care Inc,WETHERILL PARK,2164
The Presbyterian Church (New South Wales) Property Trust,WALCHA,2354
The Presbyterian Church (New South Wales) Property Trust,ASHFIELD,2131
RSL LifeCare Limited,MOUNT AUSTIN,2650
Royal Freemasons' Benevolent Institution,LAKE HAVEN,2263
Royal Freemasons' Benevolent Institution,KURRI KURRI,2327
Royal Freemasons' Benevolent Institution,BELLINGEN,2454
Royal Freemasons' Benevolent Institution,TAMWORTH,2340
Australian Unity Home Care Service Pty Ltd,ALBURY,2640
Better Connected Community Services Inc,ROCKDALE,2216
RSL Care RDNS Limited,BOLTON POINT,2283
Rumbalara Aboriginal Co-operative Ltd,ALBURY,2640
Illaroo Co-operative Aboriginal Corporation,NORTH NOWRA,2541
Snowy Monaro Regional Council,BERRIDALE,2628
Southern Cross Care (NSW & ACT) Limited,PLUMPTON,2761
Southern Cross Care (NSW & ACT) Limited,SOUTH COOGEE,2034
Southern Cross Care (NSW & ACT) Limited,CASINO,2470
Southern Cross Care (NSW & ACT) Limited,MERRYLANDS WEST,2160
Southern Cross Care (NSW & ACT) Limited,DENILIQUIN,2710
Southern Cross Care (NSW & ACT) Limited,PARKES,2870
Southern Cross Care (NSW & ACT) Limited,TUGGERAH,2259
St Basil's Homes,LAKEMBA,2195
The Trustees of the Roman Catholic Church for the Diocese of Lismore,GOONELLABAH,2480
Advance Diversity Services,HURSTVILLE,2220
St Vincent's Care Services Ltd,AUBURN,2144
St Luke's Care,POTTS POINT,2011
Serbian Orthodox Diocese Aged Care and Education Property Fund,ROOTY HILL,2766
KinCare Health Services Pty Ltd,PORT MACQUARIE,2444
Anglican Care,TAREE,2430
Sarmace Pty Ltd,TUGGERAH,2259
The Uniting Church in Australia Property Trust (NSW),LILYFIELD,2040
SydWest Multicultural Services Limited,BLACKTOWN,2148
Uralla Shire Council,URALLA,2358
The Mary Potter Nursing Home and The Ethel Forrest Day Care Centre Pty Ltd,WAGGA WAGGA,2650
Home Nursing Group Pty Ltd,ARMIDALE,2350
The Frank Whiddon Masonic Homes of New South Wales,KYOGLE,2474
The Frank Whiddon Masonic Homes of New South Wales,GRAFTON,2460
The Frank Whiddon Masonic Homes of New South Wales,TWEED HEADS SOUTH,2486
The Frank Whiddon Masonic Homes of New South Wales,REDHEAD,2290
The Frank Whiddon Masonic Homes of New South Wales,WINGHAM,2429
The Frank Whiddon Masonic Homes of New South Wales,NARRABRI,2390
The Frank Whiddon Masonic Homes of New South Wales,GLENFIELD,2167
Tripoli And Mena Association Limited,LAKEMBA,2195
Twofold Aboriginal Corporation,EDEN,2551
The Uniting Church in Australia Property Trust (NSW),GLENFIELD PARK,2650
The Uniting Church in Australia Property Trust (NSW),KILLARNEY VALE,2261
The Uniting Church in Australia Property Trust (NSW),BANORA POINT,2486
The Uniting Church in Australia Property Trust (NSW),SPRINGWOOD,2777
The Uniting Church in Australia Property Trust (NSW),TAMWORTH,2340
The Uniting Church in Australia Property Trust (NSW),PORT MACQUARIE,2444
The Uniting Church in Australia Property Trust (NSW),BLACKTOWN,2148
The Uniting Church in Australia Property Trust (NSW),WESTMEAD,2145
The Uniting Church in Australia Property Trust (NSW),BROKEN HILL,2880
The Uniting Church in Australia Property Trust (NSW),ORANGE,2800
United Protestant Association of NSW Limited,DUBBO,2830
United Protestant Association of NSW Limited,WALLSEND,2287
United Protestant Association of NSW Limited,TWEED HEADS SOUTH,2486
United Protestant Association of NSW Limited,ORANGE,2800
Australian Unity Home Care Service Pty Ltd,CAMPBELLTOWN,2560
Catholic Healthcare Limited,GOSFORD,2250
Warrigal Care,GOULBURN,2580
Warrigal Care,ALBION PARK RAIL,2527
Warrigal Care,QUEANBEYAN,2620
The Salvation Army (NSW) Property Trust,BASS HILL,2197
Gulgong Hostel Association Inc,GULGONG,2852
Wesley Community Services Limited,CRONULLA,2230
Wesley Community Services Limited,BROOKVALE,2100
Wesley Community Services Limited,BLACKTOWN,2148
Australian Unity Home Care Service Pty Ltd,NYNGAN,2825
Australian Unity Home Care Service Pty Ltd,WAGGA WAGGA,2650
Wyanga Aboriginal Aged Care Program Incorporated,REDFERN,2016
Jali Local Aboriginal Land Council,BALLINA,2478
United Protestant Association of NSW Limited,YEOVAL,2868
Life Without Barriers,NEWCASTLE,2300
MyHomecare Pty Ltd,CASTLE HILL,2154
The Benevolent Society,TAMWORTH,2340
United Protestant Association of NSW Limited,WAGGA WAGGA,2650
Livebetter Services Limited,GRIFFITH,2680
Sir Moses Montefiore Jewish Home,HUNTERS HILL,2110
Sir Moses Montefiore Jewish Home,RANDWICK,2031
Feros Care,SYDNEY,2000
Life Without Barriers,BALLINA,2478
3Bridges Community Limited,CARSS PARK,2221
Royal District Nursing Service Limited,WOLLONGONG,2500
Annecto Inc,MT DRUITT,2770
Port Stephens Veterans and Citizens Aged Care Ltd,SHOAL BAY,2315
Hunter Nursing Pty Ltd,CARDIFF,2285
Royal District Nursing Service Limited,PORT MACQUARIE,2444
Royal District Nursing Service Limited,BELLA VISTA,2153
Serbian Orthodox Diocese Aged Care and Education Property Fund,ALEXANDRIA,2015
Anglican Community Services,FRENCHS FOREST,2086
Anglican Community Services,CABRAMATTA,2166
Anglican Community Services,MOSS VALE,2577
Anglican Community Services,SUMMER HILL,2130
Integratedliving Australia Ltd,NEWCASTLE,2300
HammondCare,BAULKHAM HILLS,2153
Southern Cross Care (NSW & ACT) Limited,NORTH TURRAMURRA,2074
The Uniting Church in Australia Property Trust (NSW),TUGGERAH,2259
Banksia Villages Ltd,BROULEE,2537
The Uniting Church in Australia Property Trust (NSW),NAROOMA,2546
Mid-Coast Council,FORSTER,2428
Australian Unity Retirement Living Management Pty Ltd,SYDNEY,2000
Northern Coalfields Community Care Association Ltd,CESSNOCK,2325
Wesley Community Services Limited,PENRITH,2751
Oxley Home Care Pty Ltd,CASTLE HILL,2154
Feros Care,POTTSVILLE,2489
Lutheran Aged Care Albury,WEST ALBURY,2640
Mercy Services,TIGHES HILL,2297
Mayo Healthcare Group Pty Ltd,WEST KEMPSEY,2440
Intereach Limited,DENILIQUIN,2710
Annecto Inc,GLEBE,2037
Goodwin Aged Care Services Limited,QUEANBEYAN,2620
Australian Unity Retirement Living Management Pty Ltd,WAGGA WAGGA,2650
Canterbury City Community Centre Inc,LAKEMBA,2195
St Andrew's Care Ltd,BALLINA,2478
EACH,HAMILTON NORTH,2292
EACH,CAMPBELLTOWN,2560
Jewish Care,WOOLLAHRA,2025
Southern Cross Care (NSW & ACT) Limited,EPPING,2121
Alliance Health Services Group Pty Ltd,SURRY HILLS,2010
SCC Health Pty Limited,LIVERPOOL,2170
CASS Care Limited,CAMPSIE,2194
TBG Senior Living Services Pty Ltd,BOWRAL,2576
LTC Care Services Pty Ltd,NEWINGTON,2127
New Home Care Pty Ltd,EASTWOOD,2122
Seventh-day Adventist Aged Care (North New South Wales) Ltd,COORANBONG,2265
Jovicare Pty Ltd,PENRITH,2750
Sunsouth Pty Ltd,DUBBO,2830
Nandebri Home Nursing Pty Ltd,NARRABRI,2390
Relative Care Home Support Services Pty Ltd,POINT CLARE,2250
Ashfield Baptist Homes Ltd,ASHFIELD,2131
Riverina Continence Advisory Service Pty Ltd,WAGGA WAGGA,2650
Wendy's Home Care Pty Limited,WINDSOR,2756
Home Assistance and Regional Transport Services Incorporated,WOLLONGBAR,2477
Jessica Education Centre Pty Ltd,STRATHFIELD,2135
Rose Aged Care Service Pty Ltd,BLACKTOWN,2148
Ads Care Pty. Ltd.,BAULKHAM HILLS,2153
Bannister Technical Pty Limited,SURRY HILLS,2010
HammondCare,BROKEN HILL,2880
HammondCare,SYDNEY,2000
Southern Highlands Home Care Pty Ltd,BURRADOO,2576
Justor Pty Limited,SHORTLAND,2307
Ku-Ring-Gai Neighbourhood Centre Inc,ST IVES,2075
Pearl Home Care Pty Ltd,APPLECROSS,2099
AUSTRALIAN NURSING AND TRAINING SERVICES PTY LTD,HURSTVILLE,2220
MKare Pty Ltd,PENRITH,2750
Cuzeno RVM Pty Ltd,PADSTOW HEIGHTS,2211
Austa Care Pty Ltd,RIVERWOOD,2210
HammondCare,SCONE,2337
Residential Gardens For Spanish Speaking Frail Aged Limited,ROOTY HILL,2766
JAVAS Care Pty Ltd,UNANDERRA,2526
Ourcare Services Limited,SINGLETON,2330
Just Better Care Australia Pty Ltd,BALGOWLAH,2093
Just Better Care Australia Pty Ltd,FREEMANS REACH,2756
Just Better Care Australia Pty Ltd,GOSFORD,2250
Just Better Care Australia Pty Ltd,CHARLESTOWN,2290
Holdsworth Community Ltd,WOOLLAHRA,2025
Kindi Capers Pty Ltd,MASCOT,2020
Focus Care Australia Pty Ltd,STRATHFIELD,2135
Accessible Diversity Services Initiative Limited,AUBURN,2144
Daughterly Care Community Services Limited,NARRABEEN,2101
Senior Care Group Pty Ltd,PORT MACQUARIE,2444
Alcyone Care Pty Ltd,HORNSBY,2077
The Co-operative Life Limited,SURRY HILLS,2010
Stroud Community Lodge Inc,STROUD,2425
Home at Heart Pty Ltd,WAGGA WAGGA,2650
Byron Aged Care Limited,BYRON BAY,2481
Local Guardians Pty Ltd,SYDNEY,2000
Wesley Community Services Limited,WOLLONGONG,2500
Wesley Community Services Limited,TUGGERAH,2259
Melbar Pty Ltd,SYDNEY OLYMPIC,2127
Leora Healthcare Pty Ltd,PARRAMATTA,2150
Long & Stamps Pty Ltd,SHELLHARBOUR CITY,2529
Muslim Care,CAMPSIE,2194
Group Homes Australia Pty Ltd,ROSEVILLE,2069
Temora Shire Council,TEMORA,2666
Royal Freemasons' Benevolent Institution,DUBBO,2830
Chester Hill Neighbourhood Centre Inc,CHESTER HILL,2162
Holy Cross Community Care Ltd,BANKSTOWN,2200
Raykay Pty Ltd,PYMBLE,2073
HCCS Consultancy Pty Ltd,BOWRAL,2576
Lifebridge Australia Ltd,KINGSCLIFF,2487
Loyal Care Pty Ltd,FAIRFIELD,2165
Transcare Hunter Limited,SCONE,2337
Manning Support Services Incorporated,TAREE,2430
Kurri Kurri Community Services Limited,KURRI KURRI,2327
Dementia Caring Australia Pty Ltd,SMITHFIELD,2164
Warrumbungle Shire Council,COONABARABRAN,2357
Wise Choice In Home Care Pty Ltd,FAIRFIELD WEST,2165
On Call Staffing Solutions Pty Ltd,STRATHFIELD,2135
HammondCare,COFFS HARBOUR,2450
INTERCHANGE WINGECARRIBEE INC,BOWRAL,2576
Wagga Wagga Meals on Wheels Inc,WAGGA WAGGA,2650
Elderly Home Care Solutions Pty Ltd,COOGEE,2034
Reliant Health Care Pty Ltd,POTTS POINT,2011
Dedicated Carers Pty Limited,MEREWETHER HEIGHTS,2291
Neighbourhood Central Limited,PARKES,2870
Australian Chinese Community Association of New South Wales,CHATSWOOD,2067
Lana & Terry Beyond Care Pty Ltd,CAMPBELLTOWN,2560
Livable Limited,GRAFTON,2460
BCD Community Care Inc,CAMPBELLTOWN,2560
Empowered Ageing Pty Ltd,ROUND CORNER,2158
New Age Community Services Pty Ltd,OATLANDS,2117
Decia Pty Limited,ASHFIELD,2131
Careways Community Ltd,DAPTO,2530
Endeavor In Home Care Pty Ltd,PARRAMATTA,2150
Living Choice Australia PTY LTD,KINCUMBER,2251
MS Plus Healthy Ageing Pty Ltd,TAYLORS BEACH,2316
Ideally Pty Ltd,YAMBA,2464
Evergreen Life Care Limited,WEST GOSFORD,2250
Allcare Nursing Services Pty Ltd,TOUKLEY,2263
Multicultural Communities Council of Illawarra Limited,WOLLONGONG,2500
Rose Brown Pty Limited,MILTON,2538
Valmar Support Services Limited,TUMUT,2720
Always There - Essential Care Pty Ltd,DAPTO,2530
St George Care Pty Ltd,PEAKHURST,2210
Baldwin Care Group Services Pty Ltd,MONA VALE,2103
S.T McGarry Pty Limited,THORNLEIGH,2120
Magenta Community Services Pty Ltd,GOONELLABAH,2480
Sue's Home Care Nursing Service Pty Limited,MOSMAN,2088
Burmese Community Development Collaboration (BCDC),WETHERILL PARK,2164
Retire Australia Care and Services Pty Ltd,ERINA,2250
Hunter Healthcare Group Pty Ltd,TOMAGO,2322
Comfort Disability and Aged Home Care Services Pty Ltd,AUBURN,2144
Catholic Healthcare Limited,MACQUARIE PARK,2113
Tenterfield Total Care & Transport Inc,TENTERFIELD,2372
NVC Group Limited,MACKSVILLE,2447
Carrathool Shire Council,HILLSTON,2675
Amberlie Pty Limited,BONDI JUNCTION,2022
Subee Pty Limited,COFFS HARBOUR,2450
RSL LifeCare Limited,TEA GARDENS,2324
All Care Health Services Group Pty Ltd,FAIRY MEADOW,2519
Reliable Nursing Agency Pty Ltd,AUBURN,2144
Moylan Care Group Pty Ltd,LIVERPOOL,2170
Comfort Care Services Pty Ltd,GREENACRE,2190
Inspired Aged Care Services Pty Ltd,LIVERPOOL,2170
Start Nursing Services Pty Ltd,BELLA VISTA,2153
Eurobodalla Shire Council,MORUYA,2537
McKenzie Carrick Pty Ltd,TAHMOOR,2573
Care Norfolk Inc.,NORFOLK ISLAND,2899
RSL LifeCare Limited,TWEED HEADS,2485
HCA Corporate Health Pty Ltd,SYDNEY,2000
IT.SO.WEL. - Italian Social Welfare Organisation of Wollongong,WOLLONGONG,2500
Merrie Family Pty Ltd,BROADMEADOW,2292
Community Home Care Pty Ltd,GUILDFORD,2161
Sazem Disability & Aged Care Services Pty Ltd,FAIRFIELD,2165
Sri Om Foundation Limited,ROUSE HILL,2155
OSAN Ability Assist Pty Ltd,PARRAMATTA,2150
Your Side Australia Ltd,CHATSWOOD,2067
HammondCare,WENTWORTH FALLS,2782
HammondCare,KYOGLE,2474
Caring Approach Pty Ltd,HORNSBY,2077
Wesley Community Services Limited,PORT MACQUARIE,2444
Illawarra Retirement Trust,MERIMBULA,2548
Vitalis Health and Home Care Pty Ltd,ST LEONARDS,2065
Resourceful Australian Indian Network Incorporated,PENSHURST,2222
South Eastern Community Connect Incorporated,EASLAKES,2018
Wesley Community Services Limited,NEWCASTLE WEST,2302
Kogarah Community Services Incorporated,KOGARAH,2217
Companions in Care Pty Ltd,SOUTH PENRITH,2750
Newcastle and Hunter Community Health Pty Ltd,MAYFIELD WEST,2304
Nationwide Care Plus Pty Ltd,FAIRFIELD,2165
Just Better Care Australia Pty Ltd,PORT MACQUARIE,2444
CAPAH Multicultural Association Incorporated,ALBION PARK,2527
Care Services Australia Limited,AUBURN,2144
St Agnes' Care & Lifestyle,PORT MACQUARIE,2444
The Benevolent Society,ORANGE,2800
New Horizons Enterprises Limited,NORTH RYDE,2113
Snowy Valleys Council,TUMBARUMBA,2653
Omnicare Alliance Ltd,PORT MACQUARIE,2444
LDK AP Pty Ltd,NORTH TURRAAMURRA,2074
McCarney Enterprises Pty Ltd,GLEN INNES,2370
Southern Cross Care (Broken Hill) Ltd,BROKEN HILL,2880
Vitality Club Pty Ltd,ROSEBERRY,2018
Royal Freemasons' Benevolent Institution,GILEAD,2560
Ozcott Pty Ltd,BALMAIN,2041
Russian Relief Association of St Sergius of Radonezh,CABRAMATTA,2166
Annecto Inc,DUBBO,2830
Bucketts Way Neighbourhood Group Incorporated,GLOUCESTER,2422
Alpha Omega Aged Care Pty Ltd,CABRAMATTA,2166
OZConnections (NSW) Pty Ltd,BELMORE,2192
Network Nursing Agency Pty Ltd,ST LEONARDS,2065
Gunning District Community and Health Service Inc.,GUNNING,2581
Kirinari Community Services Ltd,LAVINGTON,2641
Gallipoli Health Services Limited,AUBURN,2144
The Frank Whiddon Masonic Homes of New South Wales,HORNSBY,2077
Wesley Community Services Limited,GRAFTON,2460
Hayee Aged Care Services Pty Ltd,LIVERPOOL,2170
Alzheimer's Association of Queensland Inc,OURIMBAH,2258
Jemima J Pty Ltd,NORTH SYDNEY,2060
The Buckland Convalescent Hospital,SPRINGWOOD,2777
Self Managed Support Pty Ltd,SYDNEY,2000
My Guardian Group Pty Ltd,REVESBY,2212
Livebetter Services Limited,WENTWORTH,2648
Livebetter Services Limited,ALBURY,2640
Royalty Scope Pty Ltd,HEATHCOTE,2233
Garden Village Port Macquarie,PORT MACQUARIE,2444
The Trustees of the Roman Catholic Church for the Diocese of Lismore Sawtell Catholic Care of the Aged Committee,TOORMINA,2452
Jesmond Aged Care Pty Ltd,STRATHFIELD,2135
Samjez Pty Ltd,EASTGARDENS,2036
Anglican Community Services,WEST TAMWORTH,2340
The Carers' Phone Pty Ltd,BELMORE,2192
Living Waters Aged Care Pty Ltd,STANHOPE GARD,2768
Linked to Life Incorporated,COFFS HARBOUR,2450
Enhance Supports and Services Pty Ltd,ROSELANDS,2196
Regal Health Pty Limited,SYDNEY,2000
Galaxy Aged Care Services Pty Ltd,SMITHFIELD,2164
Home Care Helpers Pty Ltd,ASHFIELD,2131
Ardent Care Services Pty Ltd,GREENACRE,2190
Power Kitchens Pty Ltd,FERODALE,2318
Project Building Solutions Pty Ltd trading as Local Health Services Australia,LIVERPOOL,2170
Reach Quality Care Pty Ltd,BLACKTOWN,2148
Karbhat Pty Ltd,KINGSWOOD,2747
Masajoda Pty Ltd,ROCKDALE,2216
Platinum Hands of Care Pty Ltd,WEST PENNANT,2125
Aston Care Pty Ltd trading as Aston Home Care Services,KNGSCLIFF,2487
Aged Care Inclusion Pty Ltd,CABRAMATTA,2166
Community Home Care Pty Ltd,CHESTER HILL,2162
Central Coast Alternative Care Group Ltd,GOSFORD,2250
Sir Moses Montefiore Jewish Home,DOUBLE BAY,2208
Sunrise Home Care Pty Ltd,TUNCURRY,2428
Clinical Assessor Pty Ltd,WILEY PK,2195
BKV Aged Care Pty Ltd,CHELTENHAM,2119
All Home Caring Services Pty Ltd,LONDONDERRY,2753
Dohmac Pty Ltd trading as Dohma Care,ISLINGTON,2296
Apollo Care Operations Pty Ltd,WAUCHOPE,2446
S.T McGarry Pty Limited,DALEYS POINT,2257
S.T McGarry Pty Limited,RIVERWOOD,2210
Australian Korean Welfare Association Ltd,HOMEBUSH WEST,2140
S.T McGarry Pty Limited,ALBURY,2640
WeCare Wellness Services Pty Ltd aft WeCare Wellness Services Trust,HURSTVILLE,2220
S.T McGarry Pty Limited,ROCKDALE,2216
Hope Holistic Care Limited,WEST RYDE,2114
Nouri Pty Ltd trading as Asayish Comfort Care,SMITHFIELD,2164
St Maurice Aged Care Ltd,CARINGBAH,2229
Pearl Home Care Pty Ltd,WYONG,2259
Pearl Home Care Pty Ltd,FAIRFIELD,2165
Pearl Home Care Pty Ltd,ERINA,2250
Pearl Home Care Pty Ltd,PEAKHURST,2210
Pearl Home Care Pty Ltd,SEVEN HILLS,2147
Pearl Home Care Pty Ltd,ALBION PARK,2527
Pearl Home Care Pty Ltd,WAGGA WAGGA,2650
Pearl Home Care Pty Ltd,BALLINA,2478
Pearl Home Care Pty Ltd,DEE WHY,2099
Pearl Home Care Pty Ltd,RUTHERFORD,2320
Pearl Home Care Pty Ltd,BAULKHAM HILLS,2153
Pearl Home Care Pty Ltd,MIRANDA,2228
Reach Quality Care Pty Ltd,NTH STRATHFIELD,2137
Grace and Ease Pty Ltd,PORT MACQUARIE,2444
Park Beach Residence Pty Limited,COFFS HARBOUR,2450
Coburg Aged Care Pty Ltd,HURSTVILLE,2220
The Uniting Church in Australia Property Trust (NSW),BERRIGAN,2712
One Dream Community Pty Ltd,NORTH STRATHFIELD,2137
Scalabrini Village Ltd,ALLAMBIE HEIGHTS,2100
Transition Care Pty Ltd,TWEED HEADS,2485
A and D In Home Care Pty Ltd,JAMISONTOWN,2750
Wellington Aboriginal Corporation Health Service,WELLINGTON,2820
BaptistCare NSW & ACT,BAULKHAM HILLS,2153
Ultimate Health Aged Care Pty Ltd,GREYSTANES,2145
Anglicare NT Ltd,NHULUNBUY,0880
MALA'LA HEALTH SERVICE ABORIGINAL CORPORATION,MANINGRIDA,0822
Calvary Community Care,COCONUT GROVE,0810
MyHomecare Pty Ltd,ALICE SPRINGS,0870
Regis Aged Care Pty Ltd,TIWI,0810
Australian Regional and Remote Community Services Limited,ALICE SPRINGS,0870
Australian Regional and Remote Community Services Limited,DARWIN,0800
Australian Regional and Remote Community Services Limited,KATHERINE,0850
West Arnhem Regional Council,OENPELLI,0822
Julalikari Council Aboriginal Corporation,TENNANT CREEK,0860
West Arnhem Regional Council,JABIRU,0886
Central Desert Regional Council,LAJAMANU,0852
Larrakia Nation Aboriginal Corporation,COCONUT GROVE,0810
Laynhapuy Homelands Aboriginal Corporation,YIRRKALA,0880
Alawa Aboriginal Corporation,HODGSON DOWNS,0852
Victoria Daly Regional Council,DALY RIVER,0822
Roper Gulf Regional Council,NUMBULWAR,0852
Tangentyere Council Incorporated,ALICE SPRINGS,0870
Top End Association For Mental Health Incorporated,DARWIN CITY,0800
Victoria Daly Regional Council,YARRALIN,0852
Life Without Barriers,ALICE SPRINGS,0870
Southern Cross Care (SA NT & VIC) Incorporated,FANNIE BAY,0820
Golden Glow Corporation (NT) Pty Ltd,WANGURI,0810
East Arnhem Regional Council,NHULUNBUY,0880
Life Without Barriers,WINNELLIE,0821
Belyuen Community Government Council,BELYUEN COMMUNITY,0822
Life Without Barriers,KATHERINE,0850
Anglicare NT Ltd,ALICE SPRINGS,0871
Anglicare NT Ltd,KATHERINE,0850
Anglicare NT Ltd,WINNELLIE,0820
Western Desert Nganampa Walytja Palyantjaku Tjutaku Aboriginal Corporation,ALICE SPRINGS,0870
Victoria Daly Regional Council,KALKARINDJI,0852
Victoria Daly Regional Council,TIMBER CREEK,0852
Seventh-Day Adventist Aged Care (South Queensland) Ltd,VICTORIA POINT,4165
Warwick Benevolent Society Inc,WARWICK,4370
The Corporation of the Trustees of the Roman Catholic Archdiocese of Brisbane,GREENSLOPES,4120
The Corporation of the Synod of the Diocese of Brisbane,MIDDLE RIDGE,4350
Arcare Pty Ltd,NORTH LAKES,4509
Ballycara Limited,NEWPORT,4020
The Corporation of the Trustees of the Roman Catholic Archdiocese of Brisbane,ASPLEY,4034
Aurukun Shire Council,AURUKUN,4871
The Baptist Union of Queensland,GAYTHORNE,4051
The Baptist Union of Queensland,MITCHELTON,4051
The Baptist Union of Queensland,NERANG,4211
Baralaba Community Aged Care Association Inc,BARALABA,4702
Barcaldine Regional Council,ALPHA,4724
Barcaldine Regional Council,ARAMAC,4726
Biggenden Lions Club Inc,BIGGENDEN,4621
Blackall Range Care Group Limited,FLAXTON,4560
The Uniting Church in Australia Property Trust (Q.),ALLORA,4362
The Uniting Church in Australia Property Trust (Q.),BEAUDESERT,4285
The Uniting Church in Australia Property Trust (Q.),BEENLEIGH,4207
The Uniting Church in Australia Property Trust (Q.),BOWEN,4805
The Uniting Church in Australia Property Trust (Q.),BRASSALL,4305
The Uniting Church in Australia Property Trust (Q.),WYNNUM WEST,4178
The Uniting Church in Australia Property Trust (Q.),EIGHT MILE PLAINS,4113
The Uniting Church in Australia Property Trust (Q.),MILTON,4064
The Uniting Church in Australia Property Trust (Q.),TOOGOOLAWAH,4313
The Uniting Church in Australia Property Trust (Q.),BUNDABERG,4670
The Uniting Church in Australia Property Trust (Q.),MILLBANK,4670
The Uniting Church in Australia Property Trust (Q.),AYR,4807
The Uniting Church in Australia Property Trust (Q.),MORAYFIELD,4506
The Uniting Church in Australia Property Trust (Q.),PARRAMATTA PARK,4870
The Uniting Church in Australia Property Trust (Q.),BILOELA,4715
The Uniting Church in Australia Property Trust (Q.),CALOUNDRA,4551
The Uniting Church in Australia Property Trust (Q.),YEPPOON,4703
The Uniting Church in Australia Property Trust (Q.),CHARLEVILLE,4470
The Uniting Church in Australia Property Trust (Q.),RICHMOND HILL,4820
The Uniting Church in Australia Property Trust (Q.),CHARTERS TOWERS,4820
The Uniting Church in Australia Property Trust (Q.),CHINCHILLA,4413
The Uniting Church in Australia Property Trust (Q.),CLONCURRY,4824
The Uniting Church in Australia Property Trust (Q.),CROWS NEST,4355
The Uniting Church in Australia Property Trust (Q.),CUNNAMULLA,4490
The Uniting Church in Australia Property Trust (Q.),DALBY,4405
The Uniting Church in Australia Property Trust (Q.),POINT VERNON,4655
The Uniting Church in Australia Property Trust (Q.),BOONAH,4310
The Uniting Church in Australia Property Trust (Q.),GAYNDAH,4625
The Uniting Church in Australia Property Trust (Q.),GLEN EDEN,4680
The Uniting Church in Australia Property Trust (Q.),GOONDIWINDI,4390
The Uniting Church in Australia Property Trust (Q.),GYMPIE,4570
The Uniting Church in Australia Property Trust (Q.),INGHAM,4850
The Uniting Church in Australia Property Trust (Q.),INNISFAIL,4860
The Uniting Church in Australia Property Trust (Q.),IPSWICH,4305
The Uniting Church in Australia Property Trust (Q.),EASTERN HEIGHTS,4305
The Uniting Church in Australia Property Trust (Q.),KINGAROY,4610
The Uniting Church in Australia Property Trust (Q.),GATTON,4343
The Uniting Church in Australia Property Trust (Q.),ELANORA,4221
The Uniting Church in Australia Property Trust (Q.),LOWOOD,4311
The Uniting Church in Australia Property Trust (Q.),MACKAY,4740
The Uniting Church in Australia Property Trust (Q.),SOUTH MACKAY,4740
The Uniting Church in Australia Property Trust (Q.),MAREEBA,4880
The Uniting Church in Australia Property Trust (Q.),NAMBOUR,4560
The Uniting Church in Australia Property Trust (Q.),MONTO,4630
The Uniting Church in Australia Property Trust (Q.),MT ISA,4825
The Uniting Church in Australia Property Trust (Q.),MOURA,4718
The Uniting Church in Australia Property Trust (Q.),MUNDUBBERA,4626
The Uniting Church in Australia Property Trust (Q.),MURGON,4605
The Uniting Church in Australia Property Trust (Q.),COOROY,4563
The Uniting Church in Australia Property Trust (Q.),PROSERPINE,4800
The Uniting Church in Australia Property Trust (Q.),REDCLIFFE,4020
The Uniting Church in Australia Property Trust (Q.),ALEXANDRA HILLS,4161
The Uniting Church in Australia Property Trust (Q.),ROCKHAMPTON,4700
The Uniting Church in Australia Property Trust (Q.),ROMA,4455
The Uniting Church in Australia Property Trust (Q.),DEAGON,4017
The Uniting Church in Australia Property Trust (Q.),LABRADOR,4215
The Uniting Church in Australia Property Trust (Q.),ARUNDEL,4214
The Uniting Church in Australia Property Trust (Q.),STANTHORPE,4380
The Uniting Church in Australia Property Trust (Q.),TOOWOOMBA,4350
The Uniting Church in Australia Property Trust (Q.),TOWNSVILLE,4810
The Uniting Church in Australia Property Trust (Q.),TULLY,4854
The Uniting Church in Australia Property Trust (Q.),WARWICK,4370
The Corporation of the Trustees of the Roman Catholic Archdiocese of Brisbane,BANKSIA BEACH,4507
Broadsound Coastal Community Development Association Inc,CARMILA,4739
Brodribb Home Incorporated,TOOWOOMBA,4350
MyHomecare Pty Ltd,BIRTINYA,4575
Churches of Christ in Queensland,ACACIA RIDGE,4110
Burringilly,WOODRIDGE,4114
Cabanda Care Inc.,ROSEWOOD,4340
Care Connect Ltd,BANYO,4014
The Cathay Community Association Inc,COOPERS PLAINS,4108
The Corporation of the Trustees of the Roman Catholic Archdiocese of Brisbane,SUMNER PARK,4074
The Corporation of the Trustees of the Roman Catholic Archdiocese of Brisbane,BEAUDESERT,4285
The Roman Catholic Trust Corporation for the Diocese of Rockhampton,BLACKWATER,4717
The Roman Catholic Trust Corporation for the Diocese of Rockhampton,BUNDABERG,4670
The Roman Catholic Trust Corporation for the Diocese of Rockhampton,MACKAY,4740
The Roman Catholic Trust Corporation for the Diocese of Rockhampton,ROCKHAMPTON,4700
The Corporation of the Trustees of the Roman Catholic Archdiocese of Brisbane,MAROOCHYDORE,4558
Winton Shire Council,WINTON,4735
Co.As.It. Community Services Ltd,LUTWYCHE,4010
The Baptist Union of Queensland,IPSWICH,4305
DEPT OF HEALTH QLD,MACKAY,4740
The Ethnic Communities Council of Queensland Limited,WEST END,4101
Envigor Pty Limited,NORTH LAKES,4509
Everglow Community Care Links Inc.,CURRAJONG,4812
Flexi Care Inc,MANSFIELD,4122
Footprints Community Limited,NEWSTEAD,4006
Forest View Childers Inc,CHILDERS,4660
Gemfields Community Support Association Inc,SAPPHIRE,4702
Gilbert Care (Sunshine Coast) Pty. Ltd.,PELICAN WATERS,4551
Girudala Community Co-Operative Society Ltd,BOWEN,4805
Greek Orthodox Community of St George Brisbane,SOUTH BRISBANE,4101
Greek Orthodox Community of St George Brisbane,BUNDALL,4217
Hinterland Community Care Inc,DYSART,4745
Amplar Home Health,BUNDALL,4217
Flinders Shire Council,HUGHENDEN,4821
Southern Cross Care (QLD) Ltd,UPPER MT GRAVATT,4122
Lutheran Church of Australia - Queensland District,BUDERIM,4556
Inala Elders Aboriginal & Torres Strait Islander Corporation,INALA HEIGHTS,4077
Islamic Women's Association of Australia (IWAA) Inc.,RUNCORN,4113
The Baptist Union of Queensland,ROCKHAMPTON CITY,4700
Jubilee Community Care Inc,INDOOROOPILLY,4068
Mununjali Housing and Development Company Ltd,BEAUDESERT,4285
Kal'ang Respite Care Centre Aboriginal Corporation,KAWUNGAN,4655
Kaloma Home for the Aged Limited,GOONDIWINDI,4390
Kalwun Development Corporation Limited,MUDGEERABA,4213
The Baptist Union of Queensland,BUNDABERG,4670
Kowanyama Aboriginal Shire Council,KOWANYAMA,4892
St Vincent's Care Services Ltd,TOOWOOMBA,4350
Mackay Yamadi Lera Yumi Meta Assoc Inc,MACKAY,4740
Mapoon Aboriginal Council,MAPOON,4874
St Vincent's Care Services Ltd,BOWEN HILLS,4006
Mercy Community Services SEQ Limited,NUDGEE,4014
Queensland Health,MILLMERRAN,4357
Toowoomba Health Service District,TOOWOOMBA,4350
Multilink Community Services Inc,LOGAN CENTRAL,4114
Bowen Old Peoples Homes Society,BOWEN,4805
Napranum Aboriginal Council,NAPRANUM,4874
The Ethnic Communities Council of Queensland Limited,MAROOCHYDORE,4558
Nhulundu Wooribah Indigenous Health Organisation Incorporated,GLADSTONE,4680
Northern Peninsula Area Regional Council,BAMAGA,4876
Torres Strait Island Regional Council,THURSDAY ISLAND,4875
Ozcare,PIALBA,4655
OzPol Services Pty Ltd,BRISBANE,4000
All Aged Care Ltd,BRISBANE,4000
Pormpuraaw Community Council,PORMPURAAW,4871
MyHomecare Pty Ltd,BIRKDALE,4159
MyHomecare Pty Ltd,WOREE,4868
MyHomecare Pty Ltd,OXLEY,4075
MyHomecare Pty Ltd,KAWANA,4701
MyHomecare Pty Ltd,NORTH ROCKHAMPTON,4700
MyHomecare Pty Ltd,COOMERA,4209
MyHomecare Pty Ltd,BRENDALE,4500
MyHomecare Pty Ltd,PIALBA,4655
Queensland Community Care Pty Ltd,MT GRAVATT,4122
Ravenshoe Rural & Remote Aged & Disabled Care (Radcare) Inc,RAVENSHOE,4888
Richmond Shire Council,RICHMOND,4822
RSL Care RDNS Limited,PINJARRA HILLS,4069
RSL Care RDNS Limited,EIGHT MILE PLAINS,4113
RSL Care RDNS Limited,TOOWOOMBA,4350
RSL Care RDNS Limited,NERANG,4211
RSL Care RDNS Limited,ALEXANDRA HEADLAND,4572
RSL Care RDNS Limited,MACKAY,4740
RSL Care RDNS Limited,CABOOLTURE,4510
RSL Care RDNS Limited,BUNGALOW,4870
RSL Care RDNS Limited,BERSERKER,4701
RSL Care RDNS Limited,WULGURU,4811
RSL Care RDNS Limited,EASTERN HEIGHTS,4305
RSL Care RDNS Limited,BUNDABERG,4670
Springsure and District Aged Care Committee Incorporated,SPRINGSURE,4722
St John's Community Care Limited,REDLYNCH,4870
The Corporation of the Trustees of the Roman Catholic Archdiocese of Brisbane,KINGAROY,4610
St Vincent's Care Services Ltd,MAROOCHYDORE,4558
KinCare Health Services Pty Ltd,SOUTH BRISBANE,4101
KinCare Health Services Pty Ltd,NOOSAVILLE,4566
Sundale Ltd,BURNSIDE,4560
The Corporation of the Trustees of the Roman Catholic Archdiocese of Brisbane,SUNNYBANK,4109
Sunshine Coast Community Care Pty Ltd,KAWANA WATERS,4575
Toowoomba and Darling Downs Health Service District,TAROOM,4420
The Bur-Del Co-Operative Advancement Society Limited,AYR,4807
The Chinese Fraternity Association of Queensland Inc,FORTITUDE VALLEY,4006
The Salvation Army (Queensland) Property Trust,RIVERVIEW,4303
St Vincent's Care Services Ltd,SOUTHPORT,4215
The Corporation of the Trustees of the Roman Catholic Archdiocese of Brisbane,NINGI,4511
Toowoomba and Darling Downs Health Service District,WANDOAN,4419
Queensland Health,WARWICK,4370
The Uniting Church in Australia Property Trust (Q.),CHERMSIDE,4032
The Uniting Church in Australia Property Trust (Q.),ROCKLEA,4106
The Uniting Church in Australia Property Trust (Q.),ROBINA,4226
The Uniting Church in Australia Property Trust (Q.),MARYBOROUGH,4650
DEPT OF HEALTH QLD,PROSERPINE,4800
Wongaburra Society,BEAUDESERT,4285
Wowan/Dululu Community Volunteer Group,WOWAN,4702
Wujal Wujal Aboriginal Shire Council,WUJAL WUJAL,4895
Mutkin Residential and Community Care Indigenous Corporation,YARRABAH,4871
Feros Care,COOLANGATTA,4225
Integratedliving Australia Ltd,BUNGALOW,4870
Lutheran Church of Australia - Queensland District,SOUTH TOOWOOMBA,4350
MyHomecare Pty Ltd,BUNDALL,4217
Care Connect Ltd,BUDERIM,4556
Lutheran Church of Australia - Queensland District,KINGAROY,4610
Arcare Pty Ltd,MURARRIE,4172
KinCare Health Services Pty Ltd,SPRINGWOOD,4127
Illawarra Retirement Trust,MOOLOOLABA,4557
Arcare Pty Ltd,HELENSVALE,4212
Arcare Pty Ltd,PEREGIAN SPRINGS,4573
Churches of Christ in Queensland,HEATLEY,4814
Alzheimer's Association of Queensland Inc,GORDON PARK,4031
Churches of Christ in Queensland,PIALBA,4655
Churches of Christ in Queensland,BRIBIE ISLAND,4507
Amplar Home Health,WOOLLOONGABBA,4102
Ozcare,SHAILER PARK,4128
Ozcare,CHERMSIDE,4032
Ozcare,BUNDABERG WEST,4670
Ozcare,CAIRNS,4870
Ozcare,ROBINA,4226
Ozcare,MACKAY,4740
Ozcare,NORTH LAKES,4509
Ozcare,ROCKHAMPTON,4700
Ozcare,CURRIMUNDI,4551
Ozcare,TOOWOOMBA,4350
Ozcare,GULLIVER,4812
Ozcare,BOOVAL,4304
Churches of Christ in Queensland,ARANA HILLS,4054
Churches of Christ in Queensland,ASHMORE,4214
Churches of Christ in Queensland,LITTLE MOUNTAIN,4551
Churches of Christ in Queensland,BOOVAL,4305
Churches of Christ in Queensland,TOOWOOMBA,4350
Churches of Christ in Queensland,WARWICK,4370
Mercy Aged and Community Care Ltd,WESTCOURT,4870
Southern Cross Care (QLD) Ltd,UPPER MOUNT GRAVATT,4122
The Corporation of the Synod of the Diocese of Brisbane,CABOOLTURE,4510
The Corporation of the Synod of the Diocese of Brisbane,MEADOWBROOK,4131
Institute for Urban Indigenous Health Ltd,CABOOLTURE,4510
The Corporation of the Synod of the Diocese of Brisbane,BOOVAL,4304
The Corporation of the Synod of the Diocese of Brisbane,ROMA,4455
The Corporation of the Synod of the Diocese of Brisbane,LONGREACH,4730
The Corporation of the Synod of the Diocese of Brisbane,WOOLLOONGABBA,4102
The Corporation of the Synod of the Diocese of Brisbane,STAFFORD,4053
The Corporation of the Synod of the Diocese of Brisbane,ROBINA,4226
The Corporation of the Synod of the Diocese of Brisbane,POINT VERNON,4655
The Corporation of the Synod of the Diocese of Brisbane,TOWNSVILLE,4810
The Corporation of the Synod of the Diocese of Brisbane,NAMBOUR,4560
Australian Unity Retirement Living Management Pty Ltd,BIRTINYA,4575
Alzheimer's Association of Queensland Inc,UPPER MOUNT GRAVATT,4122
Life Without Barriers,MANUNDA,4870
Just Better Care Australia Pty Ltd,BIRTINYA,4575
Suncare Community Services Ltd,MAROOCHYDORE,4558
Alzheimer's Association of Queensland Inc,EAST IPSWICH,4305
Alzheimer's Association of Queensland Inc,HARRISTOWN,4350
North and West Remote Health Limited,CURRAJONG,4812
Cairns and District Aboriginal and Torres Strait Islanders Corporation for Elders,BUNGALOW,4870
Burdekin Community Association Inc,AYR,4807
Comlink Australia Limited,BIRTINYA,4575
Comlink Australia Limited,RACEVIEW,4305
Comlink Australia Limited,SVENSSON HEIGHTS,4670
Cootharinga North Queensland,CURRAJONG,4812
Multicultural Communities Council - Gold Coast Limited,ASHMORE,4214
Amazing ProCare Australia,NERANG,4211
Ezyas@Home Pty Ltd,BARGARA,4670
Focused Health Care Pty Ltd,MURRUMBA DOWNS,4503
Angels in Aprons Pty Ltd,MILTON,4064
Staffball Pty Limited,VARSITY LAKES,4227
Hoori Group Pty Ltd,LOGAN CENTRAL,4114
Staffing Options for Community Services Pty Ltd,NEW FARM,4005
Regis Aged Care Pty Ltd,REDLYNCH,4870
HomeCare South Brisbane Pty Ltd,WOOLLOONGABBA,4102
Carers Link Pty Ltd,WYNNUM,4178
Aveo Home Care Services Pty Ltd,NEWSTEAD,4006
DGB Group Pty Ltd,HOPE ISLAND,4212
Killarney Memorial Aged Care Ltd,KILLARNEY,4373
Advanced Care Australia Pty Ltd,KULUIN,4558
EACH,WYNNUM,4178
Reliable Hands Community Care Services Pty Ltd,WOODRIDGE,4114
Life Without Barriers,SHAILER PARK,4128
Life Without Barriers,GARBUTT,4814
Life Without Barriers,NEWTOWN,4350
Life Without Barriers,NORTH MACKAY,4740
Life Without Barriers,ROCKHAMPTON,4700
JBC Brisbane North Pty Ltd,ARANA HILLS,4054
Masajoda Pty Ltd,TOOWONG,4066
1st Care Community Pty Ltd,COOPERS PLAINS,4108
Glasshouse Country Care Limited,BEERWAH,4519
Finncare Incorporated,THORNLANDS,4164
Liberty Community Connect Inc.,NERANG,4211
A & V Meyers Pty Ltd,BIRKDALE,4159
Comlink Australia Limited,NORTHLAKES,4509
Comlink Australia Limited,CAIRNS,4870
Comlink Australia Limited,TOWNSVILLE,4810
The Hub Family Medical Centre Pty Ltd,BURPENGARY,4505
Star Community Services Ltd,CLEVELAND,4163
LEADING STAFF PTY LTD,MILTON,4064
Deaf Services Limited,MOOROOKA,4105
Community Access Respite Services Inc,CHERMSIDE,4032
Just Better Care Australia Pty Ltd,SLACKS CREEK,4127
Co-ordinated Support Services Pty Ltd,BUNDABERG,4670
SBcare Incorporated,KINGAROY,4610
Just Better Care Australia Pty Ltd,CARINDALE,4152
Gladstone Community Linking Agency Inc,GLADSTONE,4680
Communify Queensland Inc,BARDON,4065
Yellowbridge QLD Ltd,TOOWOOMBA,4350
Eddison and Clare Pty Ltd,CABOOLTURE,4510
Infinity Home Care Pty Ltd,DOONAN,4562
Alara QLD Limited,IPSWICH,4305
Faulkners Handy Helpers Pty Ltd,BROOKWATER,4300
Ten Years Younger Home Care Pty Ltd,PARRAMATTA PARK,4870
Italian Australian Welfare Association (Granite Belt) Inc,STANTHORPE,4380
Yours In Caring Pty Ltd,BIRTINYA,4575
Infinity QCare Pty. Ltd.,INALA,4077
Rescare Podiatrists Pty Ltd,MORNINGSIDE,4170
Luminise Care Solutions Pty Ltd,MURRUMBA DOWNS,4503
For Life Pty Ltd,CAPALABA,4157
Burnie Brae Ltd,CHERMSIDE,4032
All About Living LTD,SANDGATE,4017
Magnetic Island Community Care Association Inc,HORSESHOE BAY,4819
Baldwin Care Group Services Pty Ltd,TAIGUM,4018
Help A Friend Club Toowoomba Inc,NEWTOWN,4350
Prestige Linx Pty Ltd,SOUTHPORT,4215
FiveGoodFriends Pty Ltd,SOUTH BRISBANE,4101
Catholic Healthcare Limited,FORTITUDE VALLEY,4066
Beenleigh and Districts Senior Citizens Centre Inc,BEENLEIGH,4207
Good Shepherd Lodge Ltd,MACKAY,4740
Futurecare Group Pty Ltd,GLENVALE,4350
The Frank Whiddon Masonic Homes of New South Wales,BEAUDESERT,4285
Just Better Care Australia Pty Ltd,NORTH WARD,4810
FNQ Independent Living Support Association Inc,PARRAMATTA PARK,4870
Sixmortons Pty Ltd,CALOUNDRA,4551
DEPT OF HEALTH QLD,BOWEN,4805
Lomman Waigh Enterprises Pty Ltd,MARGATE,4019
Oiy Pty Ltd,ASHMORE,4214
Multicap Limited,EIGHT MILE PLAINS,4113
CIMAS Nursing Services Pty Ltd,BROOKWATER,4300
Life Without Barriers,MAROOCHYDORE,4558
Queensland Rehabilitation Services Pty Ltd,HAMILTON,4007
Queensland Rehabilitation Services Pty Ltd,UPPER MOUNT GRAVATT,4122
Queensland Rehabilitation Services Pty Ltd,CARINDALE,4152
"CPL - Choice, Passion, Life",BRISBANE,4000
Life Without Barriers,IPSWICH,4305
Life Without Barriers,MILTON,4064
Ingham Parents Support Group Inc,INGHAM,4850
BEAUCARE INC,BEAUDESERT,4285
Livebetter Services Limited,MACKAY,4740
Livebetter Services Limited,ROCKHAMPTON CITY,4700
Livebetter Services Limited,BUNDABERG SOUTH,4670
Livebetter Services Limited,LONGREACH,4730
Livebetter Services Limited,MOUNT ISA,4825
Banana Shire Council,TAROOM,4420
Continuity Care Australia Pty Ltd,GRIFFIN,4503
Quick Response Carers Pty Ltd,MANSFIELD,4122
Torres and Cape Hospital and Health Service,CAIRNS,4870
WeCare Disability and Social Work Services Pty Ltd,AITKENVALE,4814
The Baptist Union of Queensland,CONDON,4815
The Baptist Union of Queensland,CABOOLTURE SOUTH,4510
The Baptist Union of Queensland,HIGHFIELDS,4352
The Baptist Union of Queensland,PIALBA,4655
The Village Home Care Services Pty Ltd,FORTITUDE VALLEY,4006
Mt Gravatt Community Centre Inc,MOUNT GRAVATT,4122
Western HomeCare Pty. Ltd.,BUDERIM,4556
Just Better Care Australia Pty Ltd,BERSERKER,4701
Northern Peninsula Area Regional Council,NEW MAPOON,4876
Beaumont Care (Holdings) Pty Ltd,WAMURAM,4512
Alzheimer's Association of Queensland Inc,ARUNDEL,4214
St John's Community Care Limited,COEN,4892
St John's Community Care Limited,MAREEBA,4880
St John's Community Care Limited,INNISFAIL,4860
St John's Community Care Limited,AITKENVALE,4814
St John's Community Care Limited,TAIGUM,4018
Torbay Lifestyles and Care Limited,TORQUAY,4655
Trilogy Care Pty Ltd,BOWEN HILLS,4006
Mary Valley Aged Care Pty Ltd,SOUTHPORT,4215
Seasons Living Australia Pty Ltd,BRENDALE,4500
The Baptist Union of Queensland,WARANA,4575
Retire Australia Care and Services Pty Ltd,BIRKDALE,4159
Lutheran Church of Australia - Queensland District,TALLEBUDGERA,4228
Lutheran Church of Australia - Queensland District,LAIDLEY,4341
Lutheran Church of Australia - Queensland District,WOODRIDGE,4114
Lutheran Church of Australia - Queensland District,BILOELA,4715
Lutheran Church of Australia - Queensland District,NUNDAH,4012
Lutheran Church of Australia - Queensland District,GYMPIE,4570
Lutheran Church of Australia - Queensland District,BOONAH,4310
Clifton Co-Op Hospital Ltd,CLIFTON,4361
TransitCare Limited,LOGANLEA,4131
Curatura Pty Ltd,CANNON HILL,4170
Rural Lifestyle Options Australia Ltd,REDLAND BAY,4165
Torres Strait Home for the Aged Association Inc,THURSDAY ISLAND,4875
Noel Nursing Community Services Pty Ltd,ASHFIELD,4670
Masajoda Pty Ltd,TOOWOOMBA,4350
ARMIA HEALING THE INCURABLES PTY LTD,SUNNYBANK,4109
Alicaring Pty Ltd,SUNNYBANK,4109
Ozcare,EMERALD,4720
Ozcare,West Gladstone,4680
Community Home Care Pty Ltd,STRETTON,4116
Home Maintenance and Security Service Association trading as Home Assist Community Services,MARYBOROUGH,4650
Comlink Australia Limited,TOOWOOMBA,4350
Masajoda Pty Ltd,CAIRNS,4870
Masajoda Pty Ltd,KANGAROO POINT,4169
Aussiecare Foundation Pty Ltd,RIVERHILLS,4074
Pearl Home Care Pty Ltd,NUNDAH,4012
Pearl Home Care Pty Ltd,UNDERWOOD,4119
Pearl Home Care Pty Ltd,BROADBEACH,4218
Pearl Home Care Pty Ltd,GOODNA,4300
Pearl Home Care Pty Ltd,CURRIMUNDI,4551
Grace and Ease Pty Ltd,BIRKDALE,4159
TFG Holdings Pty Ltd,WILLAWONG,4110
Optimise Health and Wellness Pty Ltd,INGHAM,4850
Ozcare,PARRAMATTA PARK,4870
Ram Care Pty Ltd,SPRINGWOOD,4127
Aged Care & Housing Group Inc,YANKALILLA,5203
Barossa Hills Fleurieu Local Health Network Incorporated,MOUNT BARKER,5251
KinCare Health Services Pty Ltd,UNLEY,5061
Southern Cross Care (SA NT & VIC) Incorporated,GOOLWA,5214
City of Holdfast Bay,HOVE,5048
Anglicare SA Ltd,HINDMARSH,5007
Barossa Village Inc,NURIOOTPA,5355
Barunga Village Incorporated,PORT BROUGHTON,5522
Boandik Lodge Inc,MOUNT GAMBIER,5290
Calvary Community Care,GOOLWA,5214
Calvary Community Care,PORT AUGUSTA,5700
Anglicare SA Ltd,OAKLANDS PARK,5046
Country Home Advocacy Project Inc,NURIOOTPA,5355
ECH Inc,KIDMAN PARK,5025
ECH Inc,WESTBOURNE PARK,5041
Clincare Pty Ltd,UNDERDALE,5032
UnitingCare Wesley Bowden Incorporated,BOWDEN,5007
The Society of St Hilarion Inc,SEATON,5023
Rembrandt Living Incorporated,OAKLANDS PARK,5046
ECH Inc,WALKERVILLE,5081
ECH Inc,PARKSIDE,5063
Eyre and Far North Local Health Network Incorporated,PORT LINCOLN,5606
Greek Orthodox Community of SA Inc,ADELAIDE,5000
Helping Hand Aged Care Inc,SALISBURY SOUTH,5106
Uniting Communities Incorporated,ADELAIDE,5000
Aged Care & Housing Group Inc,NEWTON,5074
Aged Care & Housing Group Inc,CHRISTIE DOWNS,5164
Italian Benevolent Foundation SA Inc,WOODVILLE NORTH,5012
James Brown Memorial Trust,BELAIR,5062
Lutheran Homes Group Incorporated,ADELAIDE,5000
Resthaven Inc,NOARLUNGA CENTRE,5168
Resthaven Inc,MARION,5043
Matthew Flinders Home Inc,PORT LINCOLN,5606
Helping Hand Aged Care Inc,PORT PIRIE,5540
Croatian Ukrainian and Belarusian Aged Care Association of SA Incorporated,PROSPECT,5082
Resthaven Inc,MURRAY BRIDGE,5253
Murray Mallee Aged Care Group Inc,MURRAY BRIDGE,5253
Resthaven Inc,NARACOORTE,5271
Yorke and Northern Local Health Network Incorporated,MAITLAND,5573
Resthaven Inc,MANNINGHAM,5086
Anglicare SA Ltd,ELIZABETH,5112
Helping Hand Aged Care Inc,SALISBURY,5108
Resthaven Inc,ELIZABETH,5112
Federation of Polish Organisations in SA Inc,ADELAIDE,5000
Royal District Nursing Service of SA Incorporated,GLENSIDE,5065
Resthaven Inc,PARADISE,5075
Resthaven Inc,BERRI,5343
Riverland Mallee Coorong Local Health Network Incorporated,BARMERA,5345
Limestone Coast Local Health Network Incorporated,MOUNT GAMBIER,5290
Southern Cross Care (SA NT & VIC) Incorporated,GLENSIDE,5065
Churches of Christ Life Care Incorporated,EVERARD PARK,5053
St Louis Community Care Packages Pty Ltd,MARRYATVILLE,5068
The Catholic Diocese of Port Pirie Inc,WALLAROO,5556
Helping Hand Aged Care Inc,WHYALLA,5600
HenderCare Pty Ltd,ADELAIDE,5000
UnitingSA Ltd,SEMAPHORE,5019
Aged Care & Housing Group Inc,GLENELG,5045
Resthaven Inc,WOODVILLE,5011
Amplar Home Health,PARKSIDE,5063
Serbian Community Welfare Association of SA Inc,PENNINGTON,5013
KinCare Health Services Pty Ltd,EASTWOOD,5063
Helping Hand Aged Care Inc,CLARE,5453
The Aboriginal Elders and Community Care Services Incorporated,BOWDEN,5007
Helping Hand Aged Care Inc,SALISBURY SOUTH,5108
The Carers' Phone Pty Ltd,NORWOOD,5067
Continuum Care Australia Pty. Ltd.,GOLDEN GROVE,5125
Aunty Grace Clients Pty Ltd,STREAKY BAY,5680
Direct Care (Australia) Pty Ltd,CAMPBELLTOWN,5074
Life Without Barriers,UNLEY,5061
Your Nursing Agency Pty Ltd,FULLARTON,5063
Family Home Support Services Pty Ltd,NORWOOD,5067
Accept Caregroup Pty Ltd,NORTH ADELAIDE,5006
Inhome Care SA Pty Ltd,HINDMARSH,5007
Wirraminna Care Incorporated,WILLIAMSTOWN,5351
Jewish Community Services Incorporated,ST MORRIS,5068
MILANG AND DISTRICT COMMUNITY ASSOCIATION INCORPORATED,MILANG,5256
Moonta Health & Aged Care Services Inc,MOONTA,5558
West Coast Community Services Incorporated,PORT LINCOLN,5606
Australian Migrant Resource Centre Incorporated,ADELAIDE,5000
Chinese Welfare Services of South Australia Inc,ADELAIDE,5000
Yellow Door Care Pty Ltd,ADELAIDE,5000
KompleteCare Community and Home Care,KILBURN,5084
RSL Care South Australia Incorporated,MYRTLE BANK,5064
Amber Aged Care Inc,PARADISE,5075
Lingcare Pty Ltd,ASHFORD,5035
Adelaide Quality Care Pty Ltd,WALKERVILLE,5081
My Care Solution Pty Ltd,CAMPBELLTOWN,5074
Flinders and Upper North Local Health Network Incorporated,PORT AUGUSTA,5700
Ardrossan Community Hospital Inc,ARDROSSAN,5571
JACNY Pty Ltd,WESTBOURNE PARK,5041
Community Support Incorporated,WAYVILLE,5034
Clayton Church Homes Inc,PROSPECT,5082
Retire Australia Care and Services Pty Ltd,KENT TOWN S,5067
Hudson Hill Pty Ltd,MILE END SOUTH,5031
Gratis Home Care Pty Ltd,MILE END,5031
Desjan Pty Ltd,DULWICH,5065
North Eastern Community Hospital Incorporated,CAMPBELLTOWN,5074
SA Disability Care Pty Ltd,SALISBURY,5108
Tanunda Lutheran Home Inc,TANUNDA,5352
Just Better Care Australia Pty Ltd,UNLEY,5061
Sawinaro Pty Ltd,NORWOOD,5067
Sawinaro Pty Ltd,BROOKLYN PARK,5032
Pearl Home Care Pty Ltd,NORTH ADELAIDE,5006
Pearl Home Care Pty Ltd,PAYNEHAM,5070
The Salvation Army (South Australia) Property Trust,MODBURY,5092
Alpha Support at Home Pty Ltd,FULLARTON,5063
Lifestyle Plus Services Pty Ltd,ADELAIDE,5000
My Nursing Agency Pty Ltd,NEWTON,5074
Anglicare Tasmania Inc,LAUNCESTON,7250
Baptcare Ltd,EAST DEVONPORT,7310
Calvary Community Care,LAUNCESTON,7250
Care Assessment Consultants Pty. Ltd.,ROSNY PARK,7018
Community Care Tasmania,LAUNCESTON,7250
Corumbene Nursing Home for the Aged Inc,NEW NORFOLK,7140
Glenview Community Services Inc,GLENORCHY,7010
Christian Homes Tasmania Inc,KINGSTON,7050
Tasmanian Health Service,ZEEHAN,7469
Huon Regional Care,FRANKLIN,7113
Independent Health Care Service Pty Ltd,MOONAH,7009
Karadi Aboriginal Corporation,GOODWOOD,7010
Southern Cross Care (Tas) Inc,TAROONA,7053
May Shaw Health Centre Inc,SWANSEA,7190
Medea Park Association Incorporated,ST HELENS,7216
Migrant Resource Centre (Southern Tas) Inc,GLENORCHY,7010
OneCare Limited,KINGS MEADOWS,7249
OneCare Limited,KINGSTON,7050
The Parkside Foundation Pty Ltd,LINDISFARNE,7015
South East Tasmanian Aboriginal Corporation,CYGNET,7112
Southern Cross Care (Tas) Inc,LOW HEAD,7253
Southern Cross Care (Tas) Inc,DEVONPORT,7310
Southern Cross Care (Tas) Inc,NEW TOWN,7008
KinCare Health Services Pty Ltd,HOBART,7000
The Salvation Army (Tasmania) Property Trust,ULVERSTONE,7315
The Salvation Army (Tasmania) Property Trust,NEW TOWN,7008
Toosey,LONGFORD,7301
Uniting Agewell Limited,LATROBE,7307
Uniting Agewell Limited,MORNINGTON,7018
IBIS (No 3) Pty Ltd,WYNYARD,7325
Freedom Home Care Tasmania,TRAVELLERS REST,7250
Community Based Support Limited,MOONAH,7009
Queen Victoria Home Inc,LINDISFARNE,7015
Southern Cross Care (Tas) Inc,SOMERSET,7322
Wintringham,BELLERIVE,7018
Care Assessment Consultants Pty. Ltd.,DEVONPORT,7310
Care Assessment Consultants Pty. Ltd.,RIVERSIDE,7250
Feros Care,HOBART,7000
Royal District Nursing Service Limited,HOBART,7000
Integratedliving Australia Ltd,MOWBRAY,7248
Hobart District Nursing Service,MOONAH,7009
The Carers' Phone Pty Ltd,MOONAH,7009
Anglicare Tasmania Inc,HOBART,7000
Family Based Care Association North West Inc,BURNIE,7320
Regis Aged Care Pty Ltd,WARRANE,7018
Regis Aged Care Pty Ltd,LEGANA,7277
Mosel Williams Care Pty Ltd,LAUNCESTON,7250
Baldwin Care Group Services Pty Ltd,SOUTH HOBART,7004
Circular Head Aboriginal Corporation,SMITHTON,7330
Tasmanian Aboriginal Corporation,HOBART,7000
Respect Group Limited,DEVONPORT,7310
Just Better Care Australia Pty Ltd,HOBART,7000
Kingston City Council,MENTONE,3194
Australian Greek Welfare Society Ltd,BRUNSWICK,3056
Alfred Health,CAULFIELD,3162
Alpine Health,BRIGHT,3741
Annecto Inc,COBURG,3058
Annecto Inc,YARRAVILLE,3013
Annecto Inc,RINGWOOD,3134
Annecto Inc,MILDURA,3500
Annecto Inc,GREENSBOROUGH,3088
Arcare Pty Ltd,CHELTENHAM,3192
Australian Croatian Community Services Inc,SOUTH MELBOURNE,3205
Australian Croatian Community Services Inc,DANDENONG,3175
Australian Home Care Services Pty Ltd,WHEELERS HILL,3150
Australian Multicultural Community Services Inc,MAIDSTONE,3012
Australian Unity Retirement Living Management Pty Ltd,KILSYTH,3137
Baptcare Ltd,RINGWOOD,3134
Baptcare Ltd,BUNDOORA,3083
Baptcare Ltd,DANDENONG,3175
Baptcare Ltd,SUNSHINE,3020
Baptcare Ltd,CORIO,3214
Baptcare Ltd,KORUMBURRA,3950
Baptist Village Baxter Ltd,FRANKSTON SOUTH,3199
Bellarine Community Health Ltd,NELSON,3292
Anglican Aged Care Services Group,IVANHOE,3079
Anglican Aged Care Services Group,BRAYBROOK,3019
Bendigo Health Care Group,BENDIGO,3550
Blue Cross Community Care Services Group Pty Ltd,HAWTHORN EAST,3123
Blue Cross Community Care Services Group Pty Ltd,HAWTHORN EAST,3146
Blue Cross Community Care Services Group Pty Ltd,BURNLEY,3121
Brotherhood of St Laurence,SUNSHINE,3020
Brotherhood of St Laurence,FRANKSTON,3199
Northern Health,BUNDOORA,3083
Mercy Aged and Community Care Ltd,WARRNAMBOOL,3280
Calvary Community Care,BENTLEIGH,3204
Calvary Community Care,MORWELL,3840
Cann Valley Bush Nursing Centre Inc,CANN RIVER,3890
Care Connect Ltd,MOONEE PONDS,3039
Care Connect Ltd,DONCASTER,3108
Care Connect Ltd,EAST BRIGHTON,3187
Villa Maria Catholic Homes Limited,PAKENHAM,3810
Chinese Community Social Services Centre Inc,DONCASTER,3108
Chinese Community Social Services Centre Inc,BOX HILL,3128
United-Spanish Latin American Welfare Centre Inc.,MAIDSTONE,3012
Grampians Community Health,STAWELL,3380
MECWA,MALVERN,3144
The City of Melbourne,MELBOURNE,3000
Moonee Valley City Council,MOONEE PONDS,3039
CO.AS.IT. - Italian Assistance Association,CARLTON,3053
Cobden District Health Services Inc,COBDEN,3266
NCN Health,COBRAM,3644
Goulburn Valley Health,SHEPPARTON,3630
Wintringham,SEDDON,3011
MyHomecare Pty Ltd,CLAYTON,3168
Wangaratta Rural City Council,WANGARATTA,3677
Monash Health,SPRINGVALE,3171
Monash Health,DANDENONG,3175
Cooinda Village Inc,BENALLA,3672
Dhauwurd-Wurrung Elderly and Community Health Service Inc.,PORTLAND,3305
MiCare Ltd,CARRUM DOWNS,3201
MiCare Ltd,KILSYTH,3137
MiCare Ltd,MORWELL,3840
Mercy Aged and Community Care Ltd,MANIFOLD HEIGHTS,3218
EACH,RINGWOOD,3134
Fronditha Care,MULGRAVE,3170
St Vincent's Care Services Ltd,ELTHAM,3095
Fairview Village Limited,WARRAGUL,3820
Filipino Community Council of Victoria Inc,BROOKLYN,3012
Villa Maria Catholic Homes Limited,MOUNT HELEN,3350
Bass Coast Health - Duplicate of NAPS 1542,SAN REMO,3925
Gippsland & East Gippsland Aboriginal Co-operative Ltd,BAIRNSDALE,3875
Anglican Aged Care Services Group,TRARALGON,3844
Gippsland Lakes Complete Health Limited,LAKES ENTRANCE,3909
Anglican Aged Care Services Group,MINYIP,3392
Greater Geelong City Council,GEELONG,3220
Hesse Rural Health Service,WINCHELSEA,3241
Hume City Council,BROADMEADOWS,3047
Anglican Aged Care Services Group,FRANKSTON,3199
Merri Health,BRUNSWICK,3056
IPC Health Ltd,TAYLORS LAKES,3038
KinCare Health Services Pty Ltd,NOTTING HILL,3168
Latrobe Community Health Service,MORWELL,3840
Uniting Agewell Limited,SWAN HILL,3585
Care Connect Ltd,ECHUCA,3564
Lyndoch Living Limited,WARRNAMBOOL,3280
Mallacoota District Health & Support Service Inc,MALLACOOTA,3892
MannaCare Inc.,DONCASTER,3108
Mercy Aged and Community Care Ltd,HUGHESDALE,3166
Mercy Aged and Community Care Ltd,MCKINNON,3204
Peninsula Health,MORNINGTON,3931
Moyne Health Services,PORT FAIRY,3284
Multicultural Aged Care Services Geelong Inc,NORTH GEELONG,3215
Villa Maria Catholic Homes Limited,SHEPPARTON,3630
Villa Maria Catholic Homes Limited,SHEPPARTON,3564
Nillumbik Community Health Service Ltd,ELTHAM,3095
RusCare Ltd,DANDENONG,3175
Polish Community Council of Victoria Inc,MT WAVERLEY,3149
Royal District Nursing Service Limited,BOX HILL,3129
Royal District Nursing Service Limited,CAULFIELD NORTH,3161
Regis Aged Care Pty Ltd,MILDURA,3500
Royal Freemasons Ltd,MT WAVERLEY,3149
Royal Freemasons Ltd,NORTHCOTE,3070
Royal Freemasons Ltd,EAST BENTLEIGH,3165
Rumbalara Aboriginal Co-operative Ltd,MOOROOPNA,3629
Sacred Heart Mission Inc,ST KILDA,3182
Anglican Aged Care Services Group,BLACKBURN,3130
Uniting Agewell Limited,STRATHDALE,3550
Uniting Agewell Limited,FOREST HILL,3131
Tabulam & Templer Homes for the Aged Inc,BAYSWATER,3153
Grampians Health,BALLARAT,3350
Heywood Rural Health,HEYWOOD,3304
Uniting Agewell Limited,OAKLEIGH,3166
Uniting Agewell Limited,BELMONT,3216
Vasey RSL Care Ltd,HAWTHORN,3122
Vasey RSL Care Ltd,FRANKSTON,3199
Australian Vietnamese Women's Association,SPRINGVALE,3171
Australian Vietnamese Women's Association,RICHMOND,3121
Australian Vietnamese Women's Association,BRAYBROOK,3019
Villa Maria Catholic Homes Limited,WANTIRNA SOUTH,3152
Villa Maria Catholic Homes Limited,WARRNAMBOOL,3280
Violet Town Bush Nursing Centre Inc,VIOLET TOWN,3669
Vision Australia Limited,BENDIGO,3550
Vision Australia Limited,DANDENONG,3175
West Wimmera Health Service,GOROKE,3412
Western District Health Service,HAMILTON,3300
Fronditha Care,ST ALBANS,3021
Grampians Health,HORSHAM,3400
Wintringham,MOORABBIN,3189
Wintringham,ASCOT VALE,3032
Wintringham,KEYSBOROUGH,3173
Wintringham,SHEPPARTON,3630
Feros Care,MELBOURNE,3000
Latrobe Community Health Service,WANGARATTA,3677
Jewish Care (Victoria) Inc,ST KILDA,3182
MECWA,PAKENHAM,3810
Grampians Community Health,HORSHAM,3400
Australian Unity Retirement Living Management Pty Ltd,BUNDOORA,3083
Australian Unity Retirement Living Management Pty Ltd,MORNINGTON,3931
Parkglen Friendly Society Limited,KEYSBOROUGH,3173
Baptcare Ltd,MORWELL,3840
Life Without Barriers,DANDENONG,3175
Arton Retirement Villages Pty Limited,WHEELERS HILL,3150
AHC Care Services Pty Ltd,MELBOURNE,3004
Shepparton Retirement Villages Inc,SHEPPARTON,3630
Care Connect Ltd,SHEPPARTON,3672
Mercy Aged and Community Care Ltd,RICHMOND,3121
Mercy Aged and Community Care Ltd,PARKVILLE,3052
Heathcote Health,HEATHCOTE,3523
Care Connect Ltd,SHEPPARTON,3632
Villa Maria Catholic Homes Limited,PACKENHAM,3810
Central Gippsland Health Service,SALE,3850
Australian Unity Retirement Living Management Pty Ltd,BOXHILL,3128
Annecto Inc,MILDURA,3502
Argent Nominees Pty Ltd,CLAYTON,3168
Anglican Aged Care Services Group,MOOROOPNA,3629
Multicultural Aged Care Services Geelong Inc,NORTH GEELONG,3125
The Salvation Army (Victoria) Property Trust,SUNSHINE,3020
Royal District Nursing Service Limited,ST KILDA,3182
HammondCare,NORTH MELBOURNE,3051
Desilva Enterprises Pty Ltd,CARRUM DOWNS,3201
Wintringham,HIGHTON,3216
Annecto Inc,MILDURA,3052
Victorian Arabic Social Services Inc.,BROADMEADOWS,3047
East Grampians Health Service,ARARAT,3377
Wintringham,CRESWICK,3363
MiCare Ltd,BRUNSWICK,3056
MiCare Ltd,BROADMEADOWS,3047
Integratedliving Australia Ltd,BALLARAT,3350
Latrobe Community Health Service,LILYDALE,3140
Australian Multicultural Community Services Inc,MAIDSTONE,3102
The Carers' Phone Pty Ltd,BARWON DOWNS,3243
The Carers' Phone Pty Ltd,FITZROY NORTH,3068
Annecto Inc,WERRIBEE,3030
Uniting Agewell Limited,BAIRNSDALE,3875
Uniting Agewell Limited,KINGSVILLE,3012
Vision Australia Limited,RINGWOOD,3134
Central Highlands Rural Health,DAYLESFORD,3460
Kooweerup Regional Health Service,KOOWEERUP,3981
Regis Aged Care Pty Ltd,BLACKBURN SOUTH,3130
Kare Seniors Pty ltd,TRUGANINA,3029
Primary Caring Pty Ltd,SUNSHINE NORTH,3020
Sunbury Community Health Centre,SUNBURY,3429
Independence Australia Group,WEST FOOTSCRAY,3012
Angels Health Service Australia Pty Ltd,BOX HILL,3128
JFU Job Seek Pty Ltd,HEATHERTON,3202
Gippsland Southern Health Service,LEONGATHA,3953
Boroondara Aged Services Society,ASHBURTON,3147
Westmont Aged Care Services Limited,WODONGA,3690
Iris Aged Care Pty Ltd,ASHBURTON,3147
Village Glen Flexicare Pty Ltd,ROSEBUD WEST,3940
Red Cliffs and Community Aged Care Services Inc,RED CLIFFS,3496
MHA Care Limited,YARRAWONGA,3730
Great Care Pty Ltd,POINT COOK,3030
Empower Home Care Pty Ltd,ASCOT VALE,3032
Omni-Care Pty Ltd,PRESTON,3072
Accommodation and Care Solutions Pty Ltd,HIGHETT,3190
Gippsland Care Services Pty Ltd,WARRAGUL,3820
SUMAC (Vic) Pty Ltd,FERNTREE GULLY,3156
Jatoch Pty Ltd,TORQUAY,3228
Morcare Services Pty Ltd,WANTIRNA,3152
Just Better Care Australia Pty Ltd,MORNINGTON,3931
Just Better Care Australia Pty Ltd,HORSHAM,3400
Batra's Home and Health Pty Ltd,BUNDOORA,3083
Spectrum Migrant Resource Centre Inc,DALLAS,3047
Denmarlyn Pty Ltd,HEIDELBERG,3084
Prestige Inhome Care Pty Ltd,MOORABBIN,3189
Ryman Aged Care (Australia) Pty Ltd,SOUTHBANK,3006
GOLD STAR HOME CARE AND COMMUNITY SERVICES PTY LTD,TOTTENHAM,3012
Colac Otway Shire,COLAC,3250
Collins & Brown Pty Ltd,HAWTHORN,3122
Olive Tree Home Care Pty Ltd,TRUGANINA,3029
Euroa Health Inc,EUROA,3666
Just Better Care Australia Pty Ltd,COBRAM,3644
Warramunda Village Inc,KYABRAM,3620
Nagambie HealthCare Incorporated,NAGAMBIE,3608
Great Ocean Road Health,LORNE,3232
Beata Homecare Pty Ltd,MOUNT WAVERLEY,3149
Sabine's Home Care Services Pty Ltd,BAYSWATER,3153
Prosperous S&G Pty Ltd,BRAESIDE,3195
Warrnambool City Council,WARRNAMBOOL,3280
After-Care (A'sia) Pty Ltd,ROSEBUD,3939
Bismatro Pty Ltd,ORMOND,3204
Orbost Regional Health,ORBOST,3888
Corryong Health,CORRYONG,3707
Star Health Group Limited,SOUTH MELBOURNE,3205
Sawinaro Pty Ltd,KEW EAST,3102
Coburg Aged Care Pty Ltd,RESEVOIR,3073
Twin Parks Pty Ltd,RESERVIOR,3073
M&I Home Care Pty Ltd,TARNEIT,3029
Call On Clare Pty Ltd,CAMBERWELL,3124
ACTION ON DISABILITY WITHIN ETHNIC COMMUNITIES INC,PRESTON,3072
Macedonian Community Welfare Association Inc,BUNDOORA,3083
Six Star Home & Community Care Pty Ltd,DERRIMUT,3030
Latrobe Community Health Service,BALLARAT,3350
Just Better Care Australia Pty Ltd,ROSEDALE,3847
Wali Partners Pty Ltd,EAST MALVERN,3145
Ei Care Pty Ltd,CANTERBURY,3126
Choice Community Care Pty Ltd,PRESTON,3072
Seniors Community Care Pty Ltd,SOMERVILLE,3912
Australian Total Health Care Solution Pty Ltd,PRESTON,3072
Absolute Care and Health Pty Ltd,SOUTH YARRA,3141
South Gippsland Hospital,FOSTER,3960
Inclusive Home Care Pty Ltd,ASCOT VALE,3032
FJWR Pty Ltd,FOREST HILL,3131
Tallangatta Health Service,TALLANGATTA,3700
My Home Care CHoices Pty Ltd,DEER PARK,3023
Melbcarlton Family Day Care Pty Ltd,MARIBYRNONG,3032
Guardian Healthcare Services Pty Ltd,COBURG,3058
ARK Investment Group Pty Ltd,LYNBROOK,3975
DOS Trading Pty Ltd,EUROA,3666
Great Ocean Road Health,APOLLO BAY,3233
Care Companions (Monash) Pty Ltd,GLEN WAVERLEY,3150
New Aged Care Pty Ltd,WOODEND,3442
Comfort Care Group Pty Ltd,CAMPBELLFIELD,3061
Migrant Resource Centre North West Region Inc,ST ALBANS,3021
Karingal St Laurence Limited,BELMONT,3216
Karingal St Laurence Limited,LARA,3212
D.E.G Pty Ltd,BOX HILL,3128
Diana K Hawthorne Pty Ltd,NEWHAM,3442
Future Life Care Pty Ltd,MEADOW HEIGHTS,3048
Batson Group Pty Ltd,HORSHAM,3400
Rochester & Elmore District Health Service,ROCHESTER,3561
Auslink Exports Pty Ltd,RINGWOOD,3134
Mercy Aged and Community Care Ltd,GEELONG,3220
Mercy Aged and Community Care Ltd,MORWELL,3840
Mercy Aged and Community Care Ltd,BALLARAT EAST,3350
Mercy Aged and Community Care Ltd,SHEPPARTON,3630
Mercy Aged and Community Care Ltd,PRESTON,3072
Mercy Aged and Community Care Ltd,LYNBROOK,3975
REALCARE Community Support Services Pty Ltd,HOPPERS CROSSING,3029
Haisey Home Care Service Pty Ltd,RAVENHALL,3023
Just Healthcare Pty Ltd trading As Tashacare Australia,NORTHCOTE,3070
Punman Pty Ltd,NOBLE PARK,3174
Comm Care Pty Ltd,BURWOOD EAST,3151
Mayflower Brighton,BRIGHTON EAST,3187
Christadelphian Welfare Association (Vic) Inc,RINGWOOD,3134
Just Better Care Australia Pty Ltd,NORTH MELBOURNE,3051
Maree Care Pty Ltd,NORTHCOTE,3070
Latitude Care Pty Ltd,PRESTON,3072
EACH,BOX HILL,3128
Texplore Pty Ltd,HAMPTON,3188
Farris Care Services Pty Ltd,NORTH MELBOURNE,3051
Just Better Care Australia Pty Ltd,BRIGHTON,3186
The Victorian Aboriginal Health Service Co-operative Limited,FITZROY,3065
Supreme Care Pty Ltd,SUNSHINE,3020
Ballycara Limited,BUNDOORA,3083
People First Healthcare Pty Limited,LALOR,3075
Sunraysia Residential Services Inc,MILDURA,3500
Beaufort & Skipton Health Service,BEAUFORT,3373
Jim's Home Care Pty Ltd,MAIDSTONE,3012
Mayflower Brighton,PASCOE VALE,3044
Triquetra Visions Pty Ltd,BEAUFORT,3373
Victorian Homecare Services,ANGLESEA,3230
Quantum Care Services Pty Ltd,CHELTENHAM,3192
Southern Cross Care (SA NT & VIC) Incorporated,MORNINGTON,3931
Echuca Benevolent Society Inc,ECHUCA,3564
CNA Group Pty Ltd,CLAYTON,3168
HammondCare,NORTH MELBOURNE,3054
Sensible Care Pty Ltd,ELTHAM,3095
Moyne Shire Council,PORT FAIRY,3284
Coburg Aged Care Pty Ltd,TULLAMARINE,3043
Just Better Care Australia Pty Ltd,FOOTSCRAY,3011
SereneCare Pty Ltd,CARLTON,3053
Omeo District Health,OMEO,3898
Just Better Care Australia Pty Ltd,SCORESBY,3179
Wintringham,BROADMEADOWS,3047
Just Better Care Australia Pty Ltd,BELMONT,3216
Vision Australia Limited,SUNSHINE,3020
Vision Australia Limited,BELMONT,3216
Vision Australia Limited,LUCAS,3350
Yarram & District Health Service,YARRAM,3971
Boroondara Aged Services Society,CANTERBURY,3126
Bayside City Council,SANDRINGHAM,3191
Ottrey Homes - Cobram And District Retirement Village Inc,COBRAM,3644
Uniting Agewell Limited,MORNINGTON,3931
Southern Cross Care (SA NT & VIC) Incorporated,BOX HILL,3128
Indigo North Health Inc,RUTHERGLEN,3685
Silver Chain Group Limited,CROYDON,3136
Uniting Agewell Limited,WANGARATTA,3677
Princes Court Ltd,MILDURA,3500
Brightcare Support Pty Ltd,STRATHTULLOH,3338
Atticus Health Pty Ltd,HIGHETT,3190
Silver Chain - Victoria Limited,CROYDON,3136
Western HomeCare Pty. Ltd.,ELSTERNWICK,3185
DPV Health Ltd,EPPING,3076
New Care Services Ltd,ESSENDON,3040
G & G Healthcare Pty Ltd,GEELONG WEST,3218
Ausgroup Victoria Aged Care Pty Ltd,CAMBELLFIELD,3061
Timeless Support Pty Ltd,BEECHWORTH,3747
Miracle Services Acts Pty Ltd,CRAIGIEBURN,3064
BKV Aged Care Pty Ltd,ASHBURTON,3147
AMES Australia,MELBOURNE,3000
Just Better Care Australia Pty Ltd,WARRNAMBOOL,3280
Custodian Aged Care Pty Ltd trading as Custodian In Home Services,MENTONE,3194
Holicare Pty Ltd,RINGWOOD,3134
Sawinaro Pty Ltd,MAIDSTONE,3012
Disability Support Victoria Pty Ltd,BERWICK,3806
Elite Geriatric Care Pty Ltd,FRANKSTON,3199
Russian Ethnic Representative Council of Vic Inc,FITZROY,3065
Sawinaro Pty Ltd,FRANKSTON SOUTH,3199
Sawinaro Pty Ltd,COBURG NORTH,3058
Sawinaro Pty Ltd,HORSHAM,3400
Sawinaro Pty Ltd,BRIAR HILL,3088
Leora Healthcare Pty Ltd,HAWTHORN EAST,3123
Pearl Home Care Pty Ltd,CRAIGIEBURN,3064
Pearl Home Care Pty Ltd,SUNSHINE NORTH,3020
Pearl Home Care Pty Ltd,GEELONG,3220
Pearl Home Care Pty Ltd,FOREST HILL,3131
Pearl Home Care Pty Ltd,HEIDELBURG WEST,3081
Pearl Home Care Pty Ltd,MORNINGTON,3931
Pearl Home Care Pty Ltd,TARNEIT,3029
Pearl Home Care Pty Ltd,BUNDOORA,3083
Pearl Home Care Pty Ltd,NARRE WARREN,3805
Western HomeCare Pty. Ltd.,SOUTH MELBOURNE,3205
Assisi Centre Limited,ROSANNA,3084
Neerim District Soldiers' Memorial Hospital Inc,NEERIM SOUTH,3831
Albany Community Care Centre Inc,ALBANY,6330
Amana Living Incorporated,KALGOORLIE,6430
Amana Living Incorporated,RIVERVALE,6103
Amaroo Care Services Inc,GOSNELLS,6110
BaptistCare NSW & ACT,ASCOT,6104
BaptistCare NSW & ACT,SOUTH BUNBURY,6230
BaptistCare NSW & ACT,ROCKINGHAM,6168
Bayswater Extended Community Help Organisation Inc,BAYSWATER,6053
The Bethanie Group Incorporated,WARWICK,6024
The Bethanie Group Incorporated,PORT KENNEDY,6172
The Bethanie Group Incorporated,BUNBURY,6230
The Bethanie Group Incorporated,BERESFORD,6530
The Bethanie Group Incorporated,GERALDTON,6530
Brightwater Care Group Limited,DIANELLA,6059
Brightwater Care Group Limited,ROCKINGHAM,6168
Brightwater Care Group Limited,CURRAMBINE,6028
Chorus Australia Limited,ROCKINGHAM,6168
Mercy Community Services Limited,WEMBLEY,6014
City of Cockburn,HAMILTON HILL,6163
Community Home Care Inc,SOUTH BUNBURY,6230
Mandurah Retirement Village,MANDURAH,6210
Dutch Aged Care (Western Australia) Inc,BURSWOOD,6100
Dale Cottages (Inc.),ARMADALE,6112
Shire of Esperance,ESPERANCE,6450
Uniting Church Homes,KUNUNURRA,6743
Astley Care Inc,GOSNELLS,6110
MyHomecare Pty Ltd,WEST PERTH,6005
Italo-Australian Welfare & Cultural Centre Incorporated,PERTH,6000
Uniting Church Homes,BENTLEY,6102
Uniting Church Homes,NORTHAM,6401
WA Country Health Service,BROOME,6725
KinCare Health Services Pty Ltd,VICTORIA PARK,6100
Stirling Ethnic Aged Home Association (Inc),BALCATTA,6021
Shire of Narrogin,NARROGIN,6312
St Bartholomew's House Inc,EAST PERTH,6004
Quambie Park Waroona (Inc),WAROONA,6215
Chung Wah Association,NORTHBRIDGE,6003
Avivo: Live Life Inc,OSBORNE PARK,6017
Avivo: Live Life Inc,JANDAKOT,6164
West Australian Association of Polish Women Inc,MAYLANDS,6051
Avivo: Live Life Inc,NORTHAM,6401
Rise Network Inc,MIDDLE SWAN,6056
Royal District Nursing Service Limited,LESMURDIE,6076
Royal District Nursing Service Limited,BEACHLANDS,6530
Royal District Nursing Service Limited,MENORA,6050
Share & Care Community Services Group Incorporated,NORTHAM,6401
Silver Chain Group Limited,MIRA MAR,6330
Silver Chain Group Limited,MADDINGTON,6109
Silver Chain Group Limited,CAREY PARK,6230
Silver Chain Group Limited,GERALDTON,6530
Silver Chain Group Limited,KALGOORLIE,6432
Silver Chain Group Limited,MYAREE,6154
Silver Chain Group Limited,NORTHAM,6401
Silver Chain Group Limited,HIGHGATE,6003
Silver Chain Group Limited,BOULDER,6432
Silver Chain Group Limited,KINGSLEY,6026
Silver Chain Group Limited,GREENFIELDS,6210
Silver Chain Group Limited,OSBORNE PARK,6017
Southcare Inc,MANNING,6152
Southern Cross Care (WA) Inc,RIVERVALE,6103
Southern Cross Care (WA) Inc,BROOME,6725
Silver Chain Group Limited,SOUTH HEDLAND,6722
Southern Cross Care (WA) Inc,BUSSELTON,6280
St Basil's Aged Care Services in Western Australia (Vasileias) Inc,DIANELLA,6059
Ray Village Aged Services Inc,BROADWATER,6280
SwanCare Group Inc.,BENTLEY,6102
Australian Asian Association of Western Australia Inc,PERTH,6000
White Oak Home Care Services Pty Ltd,JOONDALUP,6027
Ngangganawili Aboriginal Community Controlled Health & Medical Services Aboriginal Corporation,WILUNA,6646
Royal District Nursing Service Limited,BUNBURY,6230
Brightwater Care Group Limited,EAST VICTORIA PARK,6101
Catholic Homes Incorporated,DUNCRAIG,6023
Catholic Homes Incorporated,GUILDFORD,6055
Silver Chain Group Limited,ALBANY,6330
Silver Chain Group Limited,BUNBURY,6230
Silver Chain Group Limited,TOODYAY,6556
Royal District Nursing Service Limited,JURIEN BAY,6516
Catholic Homes Incorporated,WILSON,6107
Umbrella Multicultural Community Care Services Inc.,BELMONT,6104
Southern Districts Support Association Incorporated,ARMADALE,6112
Yaandina Community Services Limited,ROEBOURNE,6718
Catholic Homes Incorporated,BURSWOOD,6100
Chanticleer Holdings Pty Ltd,KINGSLEY,6026
Carealot Home Health Services Pty Ltd,MOSMAN PARK,6012
Stonefield Asset Pty Limited,OSBORNE PARK,6017
Royal District Nursing Service Limited,MANDURAH,6210
Focused Care (WA) Pty Ltd,MALAGA,6090
CHC Home and Aged Care Pty Ltd,CLAREMONT,6010
Community Vision Australia Limited,JOONDALUP,6027
Chizim Care Services Incorporated,ALKIMOS,6038
Italian Aged Care Incorporated,MARANGAROO,6064
Avivo: Live Life Inc,GERALDTON,6530
EPIS Incorporated,NEWMAN,6753
MY FLEX HEALTH SERVICES PTY LTD,PERTH,6000
Dementia Venture Pty Ltd,BALCATTA,6021
Shire of Dowerin,DOWERIN,6461
CPE Link Pty Ltd,PERTH,6000
Shire of Manjimup,MANJIMUP,6258
Ocean Gardens (Inc),CITY BEACH,6015
Country Mile Home Care Pty Ltd,AUSTRALIND,6233
Bedingfeld Park Inc,PINJARRA,6208
Morrissey Homestead Incorporated,GLEN IRIS,6230
Companion Home Care Pty Ltd,APPLECROSS,6153
Jaldha Home Care Service Pty Ltd,RIVERVALE,6103
Melville Cares Inc,PALMYRA,6157
Fresh Fields Aged Care Pty Ltd,ALBANY,6330
Godrich Health Care Pty Ltd,WEST PERTH,6005
Harvey Health and Community Services Group (Inc),HARVEY,6220
Platinum Healthcare Group Pty Ltd,JANDAKOT,6164
Peel Community Care Inc,PINJARRA,6208
The Care Side Pty Ltd,SUBIACO,6008
Tre Cuori Pty Ltd,BEACONSFIELD,6162
Multicultural Services Centre of Western Australia,NORTH PERTH,6006
Westend Management Australia Pty Ltd,O'CONNOR,6163
TAPSS Community Care (Inc),COTTESLOE,6011
Pu-Fam Pty Ltd,KEWDALE,6105
Grace and Ease Pty Ltd,OSBORNE PARK,6017
Progressive Home Care Pty Ltd,BECKENHAM,6107
Life Without Barriers,WARWICK,6024
Life Without Barriers,BROOME,6728
Life Without Barriers,BUNBURY,6230
Life Without Barriers,KALGOORLIE,6430
Life Without Barriers,MANJIMUP,6258
Care Net Community Nursing Pty Ltd,MOSMAN PARK,6012
Life Without Barriers,KUNUNURRA,6743
Seventh-Day Adventist Care (Western Australia) Ltd,ROSSMOYNE,6148
Alzheimer's Australia WA Ltd,SUBIACO,6008
The Riverview Residence Collie (Inc),COLLIE,6225
Life Without Barriers,BUSSELTON,6280
The Multiple Sclerosis Society of Western Australia Incorporated,WILSON,6107
AUSCARE Staffing Agency Pty Ltd,VICTORIA PARK,6100
Shire Of Wagin,WAGIN,6315
Just Better Care Australia Pty Ltd,OSBORNE PARK,6017
"Karingal Green Health, Aged and Community Care (WA) Pty Ltd",HIGH WYCOMBE,6057
Broome Regional Aboriginal Medical Service,BROOME,6725
Just Better Care Australia Pty Ltd,MALAGA,6090
PlanCare Holdings Pty Ltd,PERTH,6000
South West Aboriginal Medical Service Aboriginal Corporation,BUNBURY,6230
Burswood Care Pty Ltd,BURSWOOD,6100
People Who Care (Inc),GUILDFORD,6055
Shire of Westonia,WESTONIA,6423
Masajoda Pty Ltd,WELSHPOOL,6106
Meath Care (Inc),KINGSLEY,6026
Pearl Home Care Pty Ltd,APPLECROSS,6153
Fresh Fields Aged Care Pty Ltd,HARVEY,6220
